x	y	val	tenders	orders
1	1	9	1006-29-LE14 1048-48-LE14	3995-1053-SE14 4809-366-SE14
2	1	9	1 2 3	4 5 6
3	1	9	1 2 3	4 5 6
4	1	9	1 2 3	4 5 6
5	1	9	1 2 3	4 5 6
6	1	9	1 2 3	4 5 6
7	1	9	1 2 3	4 5 6
8	1	9	1 2 3	4 5 6
9	1	9	1 2 3	4 5 6
10	1	9	1 2 3	4 5 6
11	1	9	1 2 3	4 5 6
12	1	9	1 2 3	4 5 6
13	1	9	1 2 3	4 5 6
14	1	9	1 2 3	4 5 6
15	1	9	1 2 3	4 5 6
16	1	9	1 2 3	4 5 6
17	1	9	1 2 3	4 5 6
18	1	9	1 2 3	4 5 6
19	1	9	1 2 3	4 5 6
20	1	9	1 2 3	4 5 6
21	1	9	1 2 3	4 5 6
22	1	9	1 2 3	4 5 6
23	1	9	1 2 3	4 5 6
24	1	9	1 2 3	4 5 6
25	1	9	1 2 3	4 5 6
26	1	9	1 2 3	4 5 6
27	1	9	1 2 3	4 5 6
28	1	9	1 2 3	4 5 6
29	1	9	1 2 3	4 5 6
30	1	9	1 2 3	4 5 6
31	1	9	1 2 3	4 5 6
32	1	9	1 2 3	4 5 6
33	1	9	1 2 3	4 5 6
34	1	9	1 2 3	4 5 6
35	1	9	1 2 3	4 5 6
36	1	-9	1 2 3	4 5 6
37	1	9	1 2 3	4 5 6
38	1	9	1 2 3	4 5 6
39	1	9	1 2 3	4 5 6
40	1	9	1 2 3	4 5 6
41	1	9	1 2 3	4 5 6
42	1	9	1 2 3	4 5 6
43	1	9	1 2 3	4 5 6
44	1	9	1 2 3	4 5 6
45	1	9	1 2 3	4 5 6
46	1	9	1 2 3	4 5 6
47	1	9	1 2 3	4 5 6
48	1	9	1 2 3	4 5 6
49	1	9	1 2 3	4 5 6
50	1	9	1 2 3	4 5 6
1	2	9	1 2 3	4 5 6
2	2	9	1 2 3	4 5 6
3	2	9	1 2 3	4 5 6
4	2	9	1 2 3	4 5 6
5	2	9	1 2 3	4 5 6
6	2	-9	1 2 3	4 5 6
7	2	9	1 2 3	4 5 6
8	2	9	1 2 3	4 5 6
9	2	9	1 2 3	4 5 6
10	2	9	1 2 3	4 5 6
11	2	9	1 2 3	4 5 6
12	2	9	1 2 3	4 5 6
13	2	9	1 2 3	4 5 6
14	2	9	1 2 3	4 5 6
15	2	9	1 2 3	4 5 6
16	2	9	1 2 3	4 5 6
17	2	-9	1 2 3	4 5 6
18	2	9	1 2 3	4 5 6
19	2	9	1 2 3	4 5 6
20	2	9	1 2 3	4 5 6
21	2	9	1 2 3	4 5 6
22	2	9	1 2 3	4 5 6
23	2	9	1 2 3	4 5 6
24	2	-9	1 2 3	4 5 6
25	2	9	1 2 3	4 5 6
26	2	9	1 2 3	4 5 6
27	2	9	1 2 3	4 5 6
28	2	9	1 2 3	4 5 6
29	2	9	1 2 3	4 5 6
30	2	9	1 2 3	4 5 6
31	2	9	1 2 3	4 5 6
32	2	9	1 2 3	4 5 6
33	2	-9	1 2 3	4 5 6
34	2	9	1 2 3	4 5 6
35	2	9	1 2 3	4 5 6
36	2	9	1 2 3	4 5 6
37	2	9	1 2 3	4 5 6
38	2	9	1 2 3	4 5 6
39	2	9	1 2 3	4 5 6
40	2	9	1 2 3	4 5 6
41	2	9	1 2 3	4 5 6
42	2	9	1 2 3	4 5 6
43	2	9	1 2 3	4 5 6
44	2	-9	1 2 3	4 5 6
45	2	9	1 2 3	4 5 6
46	2	9	1 2 3	4 5 6
47	2	9	1 2 3	4 5 6
48	2	9	1 2 3	4 5 6
49	2	9	1 2 3	4 5 6
50	2	9	1 2 3	4 5 6
1	3	9	1 2 3	4 5 6
2	3	9	1 2 3	4 5 6
3	3	-9	1 2 3	4 5 6
4	3	9	1 2 3	4 5 6
5	3	9	1 2 3	4 5 6
6	3	9	1 2 3	4 5 6
7	3	9	1 2 3	4 5 6
8	3	9	1 2 3	4 5 6
9	3	9	1 2 3	4 5 6
10	3	-9	1 2 3	4 5 6
11	3	9	1 2 3	4 5 6
12	3	-9	1 2 3	4 5 6
13	3	9	1 2 3	4 5 6
14	3	9	1 2 3	4 5 6
15	3	9	1 2 3	4 5 6
16	3	9	1 2 3	4 5 6
17	3	9	1 2 3	4 5 6
18	3	9	1 2 3	4 5 6
19	3	9	1 2 3	4 5 6
20	3	9	1 2 3	4 5 6
21	3	-9	1 2 3	4 5 6
22	3	9	1 2 3	4 5 6
23	3	9	1 2 3	4 5 6
24	3	9	1 2 3	4 5 6
25	3	9	1 2 3	4 5 6
26	3	9	1 2 3	4 5 6
27	3	-9	1 2 3	4 5 6
28	3	9	1 2 3	4 5 6
29	3	9	1 2 3	4 5 6
30	3	9	1 2 3	4 5 6
31	3	9	1 2 3	4 5 6
32	3	9	1 2 3	4 5 6
33	3	9	1 2 3	4 5 6
34	3	-9	1 2 3	4 5 6
35	3	9	1 2 3	4 5 6
36	3	-9	1 2 3	4 5 6
37	3	9	1 2 3	4 5 6
38	3	9	1 2 3	4 5 6
39	3	9	1 2 3	4 5 6
40	3	-9	1 2 3	4 5 6
41	3	9	1 2 3	4 5 6
42	3	9	1 2 3	4 5 6
43	3	-9	1 2 3	4 5 6
44	3	9	1 2 3	4 5 6
45	3	-9	1 2 3	4 5 6
46	3	9	1 2 3	4 5 6
47	3	-9	1 2 3	4 5 6
48	3	9	1 2 3	4 5 6
49	3	9	1 2 3	4 5 6
50	3	-9	1 2 3	4 5 6
1	4	-9	1 2 3	4 5 6
2	4	-9	1 2 3	4 5 6
3	4	9	1 2 3	4 5 6
4	4	9	1 2 3	4 5 6
5	4	-9	1 2 3	4 5 6
6	4	9	1 2 3	4 5 6
7	4	9	1 2 3	4 5 6
8	4	9	1 2 3	4 5 6
9	4	9	1 2 3	4 5 6
10	4	-9	1 2 3	4 5 6
11	4	9	1 2 3	4 5 6
12	4	9	1 2 3	4 5 6
13	4	9	1 2 3	4 5 6
14	4	9	1 2 3	4 5 6
15	4	9	1 2 3	4 5 6
16	4	9	1 2 3	4 5 6
17	4	-9	1 2 3	4 5 6
18	4	9	1 2 3	4 5 6
19	4	9	1 2 3	4 5 6
20	4	9	1 2 3	4 5 6
21	4	-9	1 2 3	4 5 6
22	4	9	1 2 3	4 5 6
23	4	9	1 2 3	4 5 6
24	4	9	1 2 3	4 5 6
25	4	9	1 2 3	4 5 6
26	4	9	1 2 3	4 5 6
27	4	9	1 2 3	4 5 6
28	4	9	1 2 3	4 5 6
29	4	9	1 2 3	4 5 6
30	4	9	1 2 3	4 5 6
31	4	9	1 2 3	4 5 6
32	4	9	1 2 3	4 5 6
33	4	9	1 2 3	4 5 6
34	4	9	1 2 3	4 5 6
35	4	9	1 2 3	4 5 6
36	4	9	1 2 3	4 5 6
37	4	-9	1 2 3	4 5 6
38	4	9	1 2 3	4 5 6
39	4	9	1 2 3	4 5 6
40	4	-9	1 2 3	4 5 6
41	4	9	1 2 3	4 5 6
42	4	-9	1 2 3	4 5 6
43	4	9	1 2 3	4 5 6
44	4	9	1 2 3	4 5 6
45	4	9	1 2 3	4 5 6
46	4	9	1 2 3	4 5 6
47	4	-9	1 2 3	4 5 6
48	4	9	1 2 3	4 5 6
49	4	9	1 2 3	4 5 6
50	4	9	1 2 3	4 5 6
1	5	9	1 2 3	4 5 6
2	5	9	1 2 3	4 5 6
3	5	-9	1 2 3	4 5 6
4	5	-9	1 2 3	4 5 6
5	5	9	1 2 3	4 5 6
6	5	9	1 2 3	4 5 6
7	5	-9	1 2 3	4 5 6
8	5	9	1 2 3	4 5 6
9	5	-9	1 2 3	4 5 6
10	5	-9	1 2 3	4 5 6
11	5	9	1 2 3	4 5 6
12	5	-9	1 2 3	4 5 6
13	5	9	1 2 3	4 5 6
14	5	9	1 2 3	4 5 6
15	5	9	1 2 3	4 5 6
16	5	9	1 2 3	4 5 6
17	5	9	1 2 3	4 5 6
18	5	-9	1 2 3	4 5 6
19	5	9	1 2 3	4 5 6
20	5	9	1 2 3	4 5 6
21	5	9	1 2 3	4 5 6
22	5	-9	1 2 3	4 5 6
23	5	9	1 2 3	4 5 6
24	5	9	1 2 3	4 5 6
25	5	9	1 2 3	4 5 6
26	5	9	1 2 3	4 5 6
27	5	-9	1 2 3	4 5 6
28	5	-9	1 2 3	4 5 6
29	5	9	1 2 3	4 5 6
30	5	9	1 2 3	4 5 6
31	5	9	1 2 3	4 5 6
32	5	-9	1 2 3	4 5 6
33	5	9	1 2 3	4 5 6
34	5	-9	1 2 3	4 5 6
35	5	9	1 2 3	4 5 6
36	5	-9	1 2 3	4 5 6
37	5	9	1 2 3	4 5 6
38	5	9	1 2 3	4 5 6
39	5	9	1 2 3	4 5 6
40	5	9	1 2 3	4 5 6
41	5	-9	1 2 3	4 5 6
42	5	-9	1 2 3	4 5 6
43	5	-9	1 2 3	4 5 6
44	5	9	1 2 3	4 5 6
45	5	-9	1 2 3	4 5 6
46	5	9	1 2 3	4 5 6
47	5	-9	1 2 3	4 5 6
48	5	-9	1 2 3	4 5 6
49	5	9	1 2 3	4 5 6
50	5	-9	1 2 3	4 5 6
1	6	9	1 2 3	4 5 6
2	6	-9	1 2 3	4 5 6
3	6	9	1 2 3	4 5 6
4	6	9	1 2 3	4 5 6
5	6	-9	1 2 3	4 5 6
6	6	-9	1 2 3	4 5 6
7	6	-9	1 2 3	4 5 6
8	6	9	1 2 3	4 5 6
9	6	-9	1 2 3	4 5 6
10	6	-9	1 2 3	4 5 6
11	6	9	1 2 3	4 5 6
12	6	9	1 2 3	4 5 6
13	6	9	1 2 3	4 5 6
14	6	9	1 2 3	4 5 6
15	6	9	1 2 3	4 5 6
16	6	9	1 2 3	4 5 6
17	6	-9	1 2 3	4 5 6
18	6	-9	1 2 3	4 5 6
19	6	9	1 2 3	4 5 6
20	6	-9	1 2 3	4 5 6
21	6	-9	1 2 3	4 5 6
22	6	-9	1 2 3	4 5 6
23	6	9	1 2 3	4 5 6
24	6	-9	1 2 3	4 5 6
25	6	-9	1 2 3	4 5 6
26	6	-9	1 2 3	4 5 6
27	6	-9	1 2 3	4 5 6
28	6	-9	1 2 3	4 5 6
29	6	9	1 2 3	4 5 6
30	6	9	1 2 3	4 5 6
31	6	9	1 2 3	4 5 6
32	6	-9	1 2 3	4 5 6
33	6	-9	1 2 3	4 5 6
34	6	-9	1 2 3	4 5 6
35	6	9	1 2 3	4 5 6
36	6	9	1 2 3	4 5 6
37	6	-9	1 2 3	4 5 6
38	6	9	1 2 3	4 5 6
39	6	9	1 2 3	4 5 6
40	6	-9	1 2 3	4 5 6
41	6	-9	1 2 3	4 5 6
42	6	-9	1 2 3	4 5 6
43	6	-9	1 2 3	4 5 6
44	6	-9	1 2 3	4 5 6
45	6	-9	1 2 3	4 5 6
46	6	9	1 2 3	4 5 6
47	6	-9	1 2 3	4 5 6
48	6	9	1 2 3	4 5 6
49	6	-9	1 2 3	4 5 6
50	6	-9	1 2 3	4 5 6
1	7	9	1 2 3	4 5 6
2	7	9	1 2 3	4 5 6
3	7	9	1 2 3	4 5 6
4	7	9	1 2 3	4 5 6
5	7	-9	1 2 3	4 5 6
6	7	9	1 2 3	4 5 6
7	7	9	1 2 3	4 5 6
8	7	-9	1 2 3	4 5 6
9	7	-9	1 2 3	4 5 6
10	7	9	1 2 3	4 5 6
11	7	9	1 2 3	4 5 6
12	7	9	1 2 3	4 5 6
13	7	9	1 2 3	4 5 6
14	7	9	1 2 3	4 5 6
15	7	9	1 2 3	4 5 6
16	7	9	1 2 3	4 5 6
17	7	9	1 2 3	4 5 6
18	7	9	1 2 3	4 5 6
19	7	9	1 2 3	4 5 6
20	7	9	1 2 3	4 5 6
21	7	-9	1 2 3	4 5 6
22	7	9	1 2 3	4 5 6
23	7	9	1 2 3	4 5 6
24	7	9	1 2 3	4 5 6
25	7	9	1 2 3	4 5 6
26	7	9	1 2 3	4 5 6
27	7	9	1 2 3	4 5 6
28	7	9	1 2 3	4 5 6
29	7	9	1 2 3	4 5 6
30	7	9	1 2 3	4 5 6
31	7	9	1 2 3	4 5 6
32	7	9	1 2 3	4 5 6
33	7	9	1 2 3	4 5 6
34	7	9	1 2 3	4 5 6
35	7	9	1 2 3	4 5 6
36	7	9	1 2 3	4 5 6
37	7	9	1 2 3	4 5 6
38	7	9	1 2 3	4 5 6
39	7	9	1 2 3	4 5 6
40	7	9	1 2 3	4 5 6
41	7	9	1 2 3	4 5 6
42	7	9	1 2 3	4 5 6
43	7	9	1 2 3	4 5 6
44	7	9	1 2 3	4 5 6
45	7	9	1 2 3	4 5 6
46	7	9	1 2 3	4 5 6
47	7	9	1 2 3	4 5 6
48	7	9	1 2 3	4 5 6
49	7	9	1 2 3	4 5 6
50	7	9	1 2 3	4 5 6
1	8	9	1 2 3	4 5 6
2	8	9	1 2 3	4 5 6
3	8	9	1 2 3	4 5 6
4	8	9	1 2 3	4 5 6
5	8	9	1 2 3	4 5 6
6	8	9	1 2 3	4 5 6
7	8	9	1 2 3	4 5 6
8	8	-9	1 2 3	4 5 6
9	8	9	1 2 3	4 5 6
10	8	9	1 2 3	4 5 6
11	8	9	1 2 3	4 5 6
12	8	9	1 2 3	4 5 6
13	8	9	1 2 3	4 5 6
14	8	9	1 2 3	4 5 6
15	8	9	1 2 3	4 5 6
16	8	9	1 2 3	4 5 6
17	8	9	1 2 3	4 5 6
18	8	9	1 2 3	4 5 6
19	8	9	1 2 3	4 5 6
20	8	9	1 2 3	4 5 6
21	8	9	1 2 3	4 5 6
22	8	9	1 2 3	4 5 6
23	8	9	1 2 3	4 5 6
24	8	-9	1 2 3	4 5 6
25	8	9	1 2 3	4 5 6
26	8	9	1 2 3	4 5 6
27	8	9	1 2 3	4 5 6
28	8	9	1 2 3	4 5 6
29	8	9	1 2 3	4 5 6
30	8	9	1 2 3	4 5 6
31	8	9	1 2 3	4 5 6
32	8	9	1 2 3	4 5 6
33	8	9	1 2 3	4 5 6
34	8	9	1 2 3	4 5 6
35	8	9	1 2 3	4 5 6
36	8	9	1 2 3	4 5 6
37	8	9	1 2 3	4 5 6
38	8	9	1 2 3	4 5 6
39	8	9	1 2 3	4 5 6
40	8	9	1 2 3	4 5 6
41	8	9	1 2 3	4 5 6
42	8	9	1 2 3	4 5 6
43	8	9	1 2 3	4 5 6
44	8	9	1 2 3	4 5 6
45	8	9	1 2 3	4 5 6
46	8	9	1 2 3	4 5 6
47	8	9	1 2 3	4 5 6
48	8	9	1 2 3	4 5 6
49	8	9	1 2 3	4 5 6
50	8	9	1 2 3	4 5 6
1	9	-9	1 2 3	4 5 6
2	9	9	1 2 3	4 5 6
3	9	9	1 2 3	4 5 6
4	9	9	1 2 3	4 5 6
5	9	9	1 2 3	4 5 6
6	9	9	1 2 3	4 5 6
7	9	9	1 2 3	4 5 6
8	9	9	1 2 3	4 5 6
9	9	9	1 2 3	4 5 6
10	9	9	1 2 3	4 5 6
11	9	9	1 2 3	4 5 6
12	9	9	1 2 3	4 5 6
13	9	9	1 2 3	4 5 6
14	9	9	1 2 3	4 5 6
15	9	9	1 2 3	4 5 6
16	9	9	1 2 3	4 5 6
17	9	9	1 2 3	4 5 6
18	9	9	1 2 3	4 5 6
19	9	9	1 2 3	4 5 6
20	9	9	1 2 3	4 5 6
21	9	9	1 2 3	4 5 6
22	9	9	1 2 3	4 5 6
23	9	9	1 2 3	4 5 6
24	9	9	1 2 3	4 5 6
25	9	9	1 2 3	4 5 6
26	9	9	1 2 3	4 5 6
27	9	-9	1 2 3	4 5 6
28	9	9	1 2 3	4 5 6
29	9	9	1 2 3	4 5 6
30	9	9	1 2 3	4 5 6
31	9	9	1 2 3	4 5 6
32	9	9	1 2 3	4 5 6
33	9	9	1 2 3	4 5 6
34	9	9	1 2 3	4 5 6
35	9	9	1 2 3	4 5 6
36	9	9	1 2 3	4 5 6
37	9	9	1 2 3	4 5 6
38	9	9	1 2 3	4 5 6
39	9	9	1 2 3	4 5 6
40	9	9	1 2 3	4 5 6
41	9	9	1 2 3	4 5 6
42	9	-9	1 2 3	4 5 6
43	9	9	1 2 3	4 5 6
44	9	9	1 2 3	4 5 6
45	9	9	1 2 3	4 5 6
46	9	-9	1 2 3	4 5 6
47	9	9	1 2 3	4 5 6
48	9	9	1 2 3	4 5 6
49	9	9	1 2 3	4 5 6
50	9	9	1 2 3	4 5 6
1	10	9	1 2 3	4 5 6
2	10	9	1 2 3	4 5 6
3	10	-9	1 2 3	4 5 6
4	10	9	1 2 3	4 5 6
5	10	9	1 2 3	4 5 6
6	10	-9	1 2 3	4 5 6
7	10	9	1 2 3	4 5 6
8	10	9	1 2 3	4 5 6
9	10	9	1 2 3	4 5 6
10	10	9	1 2 3	4 5 6
11	10	-9	1 2 3	4 5 6
12	10	9	1 2 3	4 5 6
13	10	9	1 2 3	4 5 6
14	10	9	1 2 3	4 5 6
15	10	9	1 2 3	4 5 6
16	10	9	1 2 3	4 5 6
17	10	-9	1 2 3	4 5 6
18	10	9	1 2 3	4 5 6
19	10	-9	1 2 3	4 5 6
20	10	-9	1 2 3	4 5 6
21	10	9	1 2 3	4 5 6
22	10	-9	1 2 3	4 5 6
23	10	-9	1 2 3	4 5 6
24	10	9	1 2 3	4 5 6
25	10	9	1 2 3	4 5 6
26	10	9	1 2 3	4 5 6
27	10	-9	1 2 3	4 5 6
28	10	9	1 2 3	4 5 6
29	10	9	1 2 3	4 5 6
30	10	-9	1 2 3	4 5 6
31	10	-9	1 2 3	4 5 6
32	10	9	1 2 3	4 5 6
33	10	9	1 2 3	4 5 6
34	10	9	1 2 3	4 5 6
35	10	-9	1 2 3	4 5 6
36	10	9	1 2 3	4 5 6
37	10	9	1 2 3	4 5 6
38	10	9	1 2 3	4 5 6
39	10	-9	1 2 3	4 5 6
40	10	9	1 2 3	4 5 6
41	10	9	1 2 3	4 5 6
42	10	9	1 2 3	4 5 6
43	10	9	1 2 3	4 5 6
44	10	9	1 2 3	4 5 6
45	10	9	1 2 3	4 5 6
46	10	9	1 2 3	4 5 6
47	10	9	1 2 3	4 5 6
48	10	-9	1 2 3	4 5 6
49	10	9	1 2 3	4 5 6
50	10	9	1 2 3	4 5 6
1	11	9	1 2 3	4 5 6
2	11	9	1 2 3	4 5 6
3	11	9	1 2 3	4 5 6
4	11	9	1 2 3	4 5 6
5	11	9	1 2 3	4 5 6
6	11	9	1 2 3	4 5 6
7	11	9	1 2 3	4 5 6
8	11	9	1 2 3	4 5 6
9	11	9	1 2 3	4 5 6
10	11	9	1 2 3	4 5 6
11	11	9	1 2 3	4 5 6
12	11	9	1 2 3	4 5 6
13	11	9	1 2 3	4 5 6
14	11	9	1 2 3	4 5 6
15	11	9	1 2 3	4 5 6
16	11	9	1 2 3	4 5 6
17	11	9	1 2 3	4 5 6
18	11	9	1 2 3	4 5 6
19	11	9	1 2 3	4 5 6
20	11	9	1 2 3	4 5 6
21	11	9	1 2 3	4 5 6
22	11	9	1 2 3	4 5 6
23	11	9	1 2 3	4 5 6
24	11	9	1 2 3	4 5 6
25	11	9	1 2 3	4 5 6
26	11	9	1 2 3	4 5 6
27	11	9	1 2 3	4 5 6
28	11	9	1 2 3	4 5 6
29	11	9	1 2 3	4 5 6
30	11	9	1 2 3	4 5 6
31	11	9	1 2 3	4 5 6
32	11	9	1 2 3	4 5 6
33	11	9	1 2 3	4 5 6
34	11	9	1 2 3	4 5 6
35	11	9	1 2 3	4 5 6
36	11	9	1 2 3	4 5 6
37	11	9	1 2 3	4 5 6
38	11	9	1 2 3	4 5 6
39	11	9	1 2 3	4 5 6
40	11	9	1 2 3	4 5 6
41	11	9	1 2 3	4 5 6
42	11	9	1 2 3	4 5 6
43	11	9	1 2 3	4 5 6
44	11	9	1 2 3	4 5 6
45	11	9	1 2 3	4 5 6
46	11	9	1 2 3	4 5 6
47	11	9	1 2 3	4 5 6
48	11	9	1 2 3	4 5 6
49	11	9	1 2 3	4 5 6
50	11	9	1 2 3	4 5 6
1	12	9	1 2 3	4 5 6
2	12	9	1 2 3	4 5 6
3	12	9	1 2 3	4 5 6
4	12	9	1 2 3	4 5 6
5	12	9	1 2 3	4 5 6
6	12	9	1 2 3	4 5 6
7	12	-9	1 2 3	4 5 6
8	12	9	1 2 3	4 5 6
9	12	9	1 2 3	4 5 6
10	12	9	1 2 3	4 5 6
11	12	-9	1 2 3	4 5 6
12	12	9	1 2 3	4 5 6
13	12	9	1 2 3	4 5 6
14	12	9	1 2 3	4 5 6
15	12	9	1 2 3	4 5 6
16	12	9	1 2 3	4 5 6
17	12	9	1 2 3	4 5 6
18	12	9	1 2 3	4 5 6
19	12	9	1 2 3	4 5 6
20	12	-9	1 2 3	4 5 6
21	12	9	1 2 3	4 5 6
22	12	-9	1 2 3	4 5 6
23	12	9	1 2 3	4 5 6
24	12	9	1 2 3	4 5 6
25	12	9	1 2 3	4 5 6
26	12	9	1 2 3	4 5 6
27	12	9	1 2 3	4 5 6
28	12	9	1 2 3	4 5 6
29	12	9	1 2 3	4 5 6
30	12	-9	1 2 3	4 5 6
31	12	9	1 2 3	4 5 6
32	12	9	1 2 3	4 5 6
33	12	9	1 2 3	4 5 6
34	12	9	1 2 3	4 5 6
35	12	9	1 2 3	4 5 6
36	12	9	1 2 3	4 5 6
37	12	9	1 2 3	4 5 6
38	12	9	1 2 3	4 5 6
39	12	9	1 2 3	4 5 6
40	12	9	1 2 3	4 5 6
41	12	-9	1 2 3	4 5 6
42	12	9	1 2 3	4 5 6
43	12	9	1 2 3	4 5 6
44	12	9	1 2 3	4 5 6
45	12	-9	1 2 3	4 5 6
46	12	9	1 2 3	4 5 6
47	12	9	1 2 3	4 5 6
48	12	9	1 2 3	4 5 6
49	12	-9	1 2 3	4 5 6
50	12	9	1 2 3	4 5 6
1	13	9	1 2 3	4 5 6
2	13	9	1 2 3	4 5 6
3	13	9	1 2 3	4 5 6
4	13	9	1 2 3	4 5 6
5	13	9	1 2 3	4 5 6
6	13	9	1 2 3	4 5 6
7	13	9	1 2 3	4 5 6
8	13	9	1 2 3	4 5 6
9	13	9	1 2 3	4 5 6
10	13	9	1 2 3	4 5 6
11	13	9	1 2 3	4 5 6
12	13	9	1 2 3	4 5 6
13	13	9	1 2 3	4 5 6
14	13	9	1 2 3	4 5 6
15	13	9	1 2 3	4 5 6
16	13	9	1 2 3	4 5 6
17	13	9	1 2 3	4 5 6
18	13	9	1 2 3	4 5 6
19	13	9	1 2 3	4 5 6
20	13	9	1 2 3	4 5 6
21	13	9	1 2 3	4 5 6
22	13	9	1 2 3	4 5 6
23	13	9	1 2 3	4 5 6
24	13	9	1 2 3	4 5 6
25	13	9	1 2 3	4 5 6
26	13	9	1 2 3	4 5 6
27	13	9	1 2 3	4 5 6
28	13	9	1 2 3	4 5 6
29	13	9	1 2 3	4 5 6
30	13	9	1 2 3	4 5 6
31	13	9	1 2 3	4 5 6
32	13	9	1 2 3	4 5 6
33	13	9	1 2 3	4 5 6
34	13	9	1 2 3	4 5 6
35	13	9	1 2 3	4 5 6
36	13	9	1 2 3	4 5 6
37	13	9	1 2 3	4 5 6
38	13	9	1 2 3	4 5 6
39	13	9	1 2 3	4 5 6
40	13	9	1 2 3	4 5 6
41	13	9	1 2 3	4 5 6
42	13	9	1 2 3	4 5 6
43	13	9	1 2 3	4 5 6
44	13	9	1 2 3	4 5 6
45	13	9	1 2 3	4 5 6
46	13	9	1 2 3	4 5 6
47	13	9	1 2 3	4 5 6
48	13	9	1 2 3	4 5 6
49	13	9	1 2 3	4 5 6
50	13	9	1 2 3	4 5 6
1	14	9	1 2 3	4 5 6
2	14	9	1 2 3	4 5 6
3	14	9	1 2 3	4 5 6
4	14	9	1 2 3	4 5 6
5	14	9	1 2 3	4 5 6
6	14	9	1 2 3	4 5 6
7	14	9	1 2 3	4 5 6
8	14	9	1 2 3	4 5 6
9	14	9	1 2 3	4 5 6
10	14	9	1 2 3	4 5 6
11	14	-9	1 2 3	4 5 6
12	14	-9	1 2 3	4 5 6
13	14	9	1 2 3	4 5 6
14	14	9	1 2 3	4 5 6
15	14	9	1 2 3	4 5 6
16	14	9	1 2 3	4 5 6
17	14	9	1 2 3	4 5 6
18	14	9	1 2 3	4 5 6
19	14	9	1 2 3	4 5 6
20	14	-9	1 2 3	4 5 6
21	14	9	1 2 3	4 5 6
22	14	9	1 2 3	4 5 6
23	14	9	1 2 3	4 5 6
24	14	9	1 2 3	4 5 6
25	14	9	1 2 3	4 5 6
26	14	-9	1 2 3	4 5 6
27	14	9	1 2 3	4 5 6
28	14	9	1 2 3	4 5 6
29	14	9	1 2 3	4 5 6
30	14	-9	1 2 3	4 5 6
31	14	9	1 2 3	4 5 6
32	14	9	1 2 3	4 5 6
33	14	9	1 2 3	4 5 6
34	14	9	1 2 3	4 5 6
35	14	9	1 2 3	4 5 6
36	14	9	1 2 3	4 5 6
37	14	9	1 2 3	4 5 6
38	14	9	1 2 3	4 5 6
39	14	9	1 2 3	4 5 6
40	14	9	1 2 3	4 5 6
41	14	9	1 2 3	4 5 6
42	14	9	1 2 3	4 5 6
43	14	9	1 2 3	4 5 6
44	14	9	1 2 3	4 5 6
45	14	-9	1 2 3	4 5 6
46	14	9	1 2 3	4 5 6
47	14	9	1 2 3	4 5 6
48	14	9	1 2 3	4 5 6
49	14	-9	1 2 3	4 5 6
50	14	9	1 2 3	4 5 6
1	15	9	1 2 3	4 5 6
2	15	9	1 2 3	4 5 6
3	15	9	1 2 3	4 5 6
4	15	-9	1 2 3	4 5 6
5	15	9	1 2 3	4 5 6
6	15	9	1 2 3	4 5 6
7	15	9	1 2 3	4 5 6
8	15	9	1 2 3	4 5 6
9	15	9	1 2 3	4 5 6
10	15	9	1 2 3	4 5 6
11	15	-9	1 2 3	4 5 6
12	15	9	1 2 3	4 5 6
13	15	9	1 2 3	4 5 6
14	15	9	1 2 3	4 5 6
15	15	-9	1 2 3	4 5 6
16	15	9	1 2 3	4 5 6
17	15	9	1 2 3	4 5 6
18	15	9	1 2 3	4 5 6
19	15	9	1 2 3	4 5 6
20	15	-9	1 2 3	4 5 6
21	15	9	1 2 3	4 5 6
22	15	9	1 2 3	4 5 6
23	15	9	1 2 3	4 5 6
24	15	9	1 2 3	4 5 6
25	15	9	1 2 3	4 5 6
26	15	-9	1 2 3	4 5 6
27	15	-9	1 2 3	4 5 6
28	15	9	1 2 3	4 5 6
29	15	9	1 2 3	4 5 6
30	15	-9	1 2 3	4 5 6
31	15	9	1 2 3	4 5 6
32	15	-9	1 2 3	4 5 6
33	15	9	1 2 3	4 5 6
34	15	9	1 2 3	4 5 6
35	15	9	1 2 3	4 5 6
36	15	9	1 2 3	4 5 6
37	15	9	1 2 3	4 5 6
38	15	9	1 2 3	4 5 6
39	15	9	1 2 3	4 5 6
40	15	9	1 2 3	4 5 6
41	15	9	1 2 3	4 5 6
42	15	9	1 2 3	4 5 6
43	15	9	1 2 3	4 5 6
44	15	9	1 2 3	4 5 6
45	15	9	1 2 3	4 5 6
46	15	9	1 2 3	4 5 6
47	15	9	1 2 3	4 5 6
48	15	9	1 2 3	4 5 6
49	15	-9	1 2 3	4 5 6
50	15	9	1 2 3	4 5 6
1	16	9	1 2 3	4 5 6
2	16	9	1 2 3	4 5 6
3	16	9	1 2 3	4 5 6
4	16	9	1 2 3	4 5 6
5	16	9	1 2 3	4 5 6
6	16	9	1 2 3	4 5 6
7	16	9	1 2 3	4 5 6
8	16	9	1 2 3	4 5 6
9	16	9	1 2 3	4 5 6
10	16	9	1 2 3	4 5 6
11	16	-9	1 2 3	4 5 6
12	16	-9	1 2 3	4 5 6
13	16	9	1 2 3	4 5 6
14	16	9	1 2 3	4 5 6
15	16	9	1 2 3	4 5 6
16	16	9	1 2 3	4 5 6
17	16	9	1 2 3	4 5 6
18	16	-9	1 2 3	4 5 6
19	16	9	1 2 3	4 5 6
20	16	-9	1 2 3	4 5 6
21	16	9	1 2 3	4 5 6
22	16	9	1 2 3	4 5 6
23	16	9	1 2 3	4 5 6
24	16	9	1 2 3	4 5 6
25	16	9	1 2 3	4 5 6
26	16	-9	1 2 3	4 5 6
27	16	9	1 2 3	4 5 6
28	16	9	1 2 3	4 5 6
29	16	9	1 2 3	4 5 6
30	16	-9	1 2 3	4 5 6
31	16	9	1 2 3	4 5 6
32	16	9	1 2 3	4 5 6
33	16	9	1 2 3	4 5 6
34	16	9	1 2 3	4 5 6
35	16	9	1 2 3	4 5 6
36	16	9	1 2 3	4 5 6
37	16	9	1 2 3	4 5 6
38	16	9	1 2 3	4 5 6
39	16	9	1 2 3	4 5 6
40	16	9	1 2 3	4 5 6
41	16	9	1 2 3	4 5 6
42	16	9	1 2 3	4 5 6
43	16	9	1 2 3	4 5 6
44	16	9	1 2 3	4 5 6
45	16	9	1 2 3	4 5 6
46	16	9	1 2 3	4 5 6
47	16	9	1 2 3	4 5 6
48	16	9	1 2 3	4 5 6
49	16	-9	1 2 3	4 5 6
50	16	9	1 2 3	4 5 6
1	17	9	1 2 3	4 5 6
2	17	9	1 2 3	4 5 6
3	17	-9	1 2 3	4 5 6
4	17	9	1 2 3	4 5 6
5	17	9	1 2 3	4 5 6
6	17	9	1 2 3	4 5 6
7	17	9	1 2 3	4 5 6
8	17	9	1 2 3	4 5 6
9	17	-9	1 2 3	4 5 6
10	17	9	1 2 3	4 5 6
11	17	-9	1 2 3	4 5 6
12	17	-9	1 2 3	4 5 6
13	17	9	1 2 3	4 5 6
14	17	9	1 2 3	4 5 6
15	17	-9	1 2 3	4 5 6
16	17	9	1 2 3	4 5 6
17	17	9	1 2 3	4 5 6
18	17	9	1 2 3	4 5 6
19	17	-9	1 2 3	4 5 6
20	17	-9	1 2 3	4 5 6
21	17	9	1 2 3	4 5 6
22	17	9	1 2 3	4 5 6
23	17	9	1 2 3	4 5 6
24	17	9	1 2 3	4 5 6
25	17	-9	1 2 3	4 5 6
26	17	-9	1 2 3	4 5 6
27	17	9	1 2 3	4 5 6
28	17	9	1 2 3	4 5 6
29	17	-9	1 2 3	4 5 6
30	17	-9	1 2 3	4 5 6
31	17	-9	1 2 3	4 5 6
32	17	9	1 2 3	4 5 6
33	17	9	1 2 3	4 5 6
34	17	9	1 2 3	4 5 6
35	17	9	1 2 3	4 5 6
36	17	-9	1 2 3	4 5 6
37	17	9	1 2 3	4 5 6
38	17	9	1 2 3	4 5 6
39	17	9	1 2 3	4 5 6
40	17	9	1 2 3	4 5 6
41	17	9	1 2 3	4 5 6
42	17	9	1 2 3	4 5 6
43	17	9	1 2 3	4 5 6
44	17	9	1 2 3	4 5 6
45	17	-9	1 2 3	4 5 6
46	17	9	1 2 3	4 5 6
47	17	9	1 2 3	4 5 6
48	17	9	1 2 3	4 5 6
49	17	-9	1 2 3	4 5 6
50	17	9	1 2 3	4 5 6
1	18	9	1 2 3	4 5 6
2	18	9	1 2 3	4 5 6
3	18	9	1 2 3	4 5 6
4	18	9	1 2 3	4 5 6
5	18	9	1 2 3	4 5 6
6	18	-9	1 2 3	4 5 6
7	18	-9	1 2 3	4 5 6
8	18	-9	1 2 3	4 5 6
9	18	9	1 2 3	4 5 6
10	18	9	1 2 3	4 5 6
11	18	9	1 2 3	4 5 6
12	18	-9	1 2 3	4 5 6
13	18	-9	1 2 3	4 5 6
14	18	9	1 2 3	4 5 6
15	18	9	1 2 3	4 5 6
16	18	9	1 2 3	4 5 6
17	18	9	1 2 3	4 5 6
18	18	9	1 2 3	4 5 6
19	18	9	1 2 3	4 5 6
20	18	9	1 2 3	4 5 6
21	18	9	1 2 3	4 5 6
22	18	9	1 2 3	4 5 6
23	18	9	1 2 3	4 5 6
24	18	-9	1 2 3	4 5 6
25	18	9	1 2 3	4 5 6
26	18	9	1 2 3	4 5 6
27	18	9	1 2 3	4 5 6
28	18	9	1 2 3	4 5 6
29	18	9	1 2 3	4 5 6
30	18	9	1 2 3	4 5 6
31	18	9	1 2 3	4 5 6
32	18	9	1 2 3	4 5 6
33	18	9	1 2 3	4 5 6
34	18	9	1 2 3	4 5 6
35	18	9	1 2 3	4 5 6
36	18	9	1 2 3	4 5 6
37	18	9	1 2 3	4 5 6
38	18	9	1 2 3	4 5 6
39	18	-9	1 2 3	4 5 6
40	18	9	1 2 3	4 5 6
41	18	9	1 2 3	4 5 6
42	18	9	1 2 3	4 5 6
43	18	9	1 2 3	4 5 6
44	18	9	1 2 3	4 5 6
45	18	-9	1 2 3	4 5 6
46	18	9	1 2 3	4 5 6
47	18	9	1 2 3	4 5 6
48	18	-9	1 2 3	4 5 6
49	18	9	1 2 3	4 5 6
50	18	9	1 2 3	4 5 6
1	19	9	1 2 3	4 5 6
2	19	9	1 2 3	4 5 6
3	19	9	1 2 3	4 5 6
4	19	9	1 2 3	4 5 6
5	19	9	1 2 3	4 5 6
6	19	9	1 2 3	4 5 6
7	19	9	1 2 3	4 5 6
8	19	9	1 2 3	4 5 6
9	19	9	1 2 3	4 5 6
10	19	9	1 2 3	4 5 6
11	19	9	1 2 3	4 5 6
12	19	9	1 2 3	4 5 6
13	19	9	1 2 3	4 5 6
14	19	9	1 2 3	4 5 6
15	19	9	1 2 3	4 5 6
16	19	9	1 2 3	4 5 6
17	19	9	1 2 3	4 5 6
18	19	9	1 2 3	4 5 6
19	19	9	1 2 3	4 5 6
20	19	9	1 2 3	4 5 6
21	19	9	1 2 3	4 5 6
22	19	9	1 2 3	4 5 6
23	19	9	1 2 3	4 5 6
24	19	9	1 2 3	4 5 6
25	19	9	1 2 3	4 5 6
26	19	9	1 2 3	4 5 6
27	19	9	1 2 3	4 5 6
28	19	9	1 2 3	4 5 6
29	19	-9	1 2 3	4 5 6
30	19	9	1 2 3	4 5 6
31	19	9	1 2 3	4 5 6
32	19	9	1 2 3	4 5 6
33	19	9	1 2 3	4 5 6
34	19	9	1 2 3	4 5 6
35	19	9	1 2 3	4 5 6
36	19	9	1 2 3	4 5 6
37	19	9	1 2 3	4 5 6
38	19	9	1 2 3	4 5 6
39	19	9	1 2 3	4 5 6
40	19	9	1 2 3	4 5 6
41	19	9	1 2 3	4 5 6
42	19	9	1 2 3	4 5 6
43	19	9	1 2 3	4 5 6
44	19	9	1 2 3	4 5 6
45	19	9	1 2 3	4 5 6
46	19	9	1 2 3	4 5 6
47	19	9	1 2 3	4 5 6
48	19	9	1 2 3	4 5 6
49	19	9	1 2 3	4 5 6
50	19	9	1 2 3	4 5 6
1	20	9	1 2 3	4 5 6
2	20	9	1 2 3	4 5 6
3	20	9	1 2 3	4 5 6
4	20	9	1 2 3	4 5 6
5	20	9	1 2 3	4 5 6
6	20	9	1 2 3	4 5 6
7	20	9	1 2 3	4 5 6
8	20	9	1 2 3	4 5 6
9	20	9	1 2 3	4 5 6
10	20	9	1 2 3	4 5 6
11	20	9	1 2 3	4 5 6
12	20	9	1 2 3	4 5 6
13	20	9	1 2 3	4 5 6
14	20	9	1 2 3	4 5 6
15	20	9	1 2 3	4 5 6
16	20	9	1 2 3	4 5 6
17	20	9	1 2 3	4 5 6
18	20	9	1 2 3	4 5 6
19	20	9	1 2 3	4 5 6
20	20	9	1 2 3	4 5 6
21	20	9	1 2 3	4 5 6
22	20	9	1 2 3	4 5 6
23	20	9	1 2 3	4 5 6
24	20	9	1 2 3	4 5 6
25	20	9	1 2 3	4 5 6
26	20	9	1 2 3	4 5 6
27	20	-9	1 2 3	4 5 6
28	20	9	1 2 3	4 5 6
29	20	9	1 2 3	4 5 6
30	20	9	1 2 3	4 5 6
31	20	9	1 2 3	4 5 6
32	20	9	1 2 3	4 5 6
33	20	9	1 2 3	4 5 6
34	20	9	1 2 3	4 5 6
35	20	9	1 2 3	4 5 6
36	20	9	1 2 3	4 5 6
37	20	9	1 2 3	4 5 6
38	20	9	1 2 3	4 5 6
39	20	9	1 2 3	4 5 6
40	20	9	1 2 3	4 5 6
41	20	9	1 2 3	4 5 6
42	20	9	1 2 3	4 5 6
43	20	9	1 2 3	4 5 6
44	20	9	1 2 3	4 5 6
45	20	9	1 2 3	4 5 6
46	20	9	1 2 3	4 5 6
47	20	9	1 2 3	4 5 6
48	20	9	1 2 3	4 5 6
49	20	9	1 2 3	4 5 6
50	20	9	1 2 3	4 5 6
1	21	9	1 2 3	4 5 6
2	21	-9	1 2 3	4 5 6
3	21	9	1 2 3	4 5 6
4	21	9	1 2 3	4 5 6
5	21	9	1 2 3	4 5 6
6	21	9	1 2 3	4 5 6
7	21	9	1 2 3	4 5 6
8	21	9	1 2 3	4 5 6
9	21	9	1 2 3	4 5 6
10	21	9	1 2 3	4 5 6
11	21	9	1 2 3	4 5 6
12	21	9	1 2 3	4 5 6
13	21	9	1 2 3	4 5 6
14	21	-9	1 2 3	4 5 6
15	21	9	1 2 3	4 5 6
16	21	9	1 2 3	4 5 6
17	21	9	1 2 3	4 5 6
18	21	9	1 2 3	4 5 6
19	21	-9	1 2 3	4 5 6
20	21	9	1 2 3	4 5 6
21	21	9	1 2 3	4 5 6
22	21	-9	1 2 3	4 5 6
23	21	9	1 2 3	4 5 6
24	21	9	1 2 3	4 5 6
25	21	9	1 2 3	4 5 6
26	21	9	1 2 3	4 5 6
27	21	9	1 2 3	4 5 6
28	21	9	1 2 3	4 5 6
29	21	9	1 2 3	4 5 6
30	21	-9	1 2 3	4 5 6
31	21	9	1 2 3	4 5 6
32	21	9	1 2 3	4 5 6
33	21	9	1 2 3	4 5 6
34	21	9	1 2 3	4 5 6
35	21	9	1 2 3	4 5 6
36	21	9	1 2 3	4 5 6
37	21	9	1 2 3	4 5 6
38	21	9	1 2 3	4 5 6
39	21	9	1 2 3	4 5 6
40	21	9	1 2 3	4 5 6
41	21	9	1 2 3	4 5 6
42	21	9	1 2 3	4 5 6
43	21	-9	1 2 3	4 5 6
44	21	-9	1 2 3	4 5 6
45	21	9	1 2 3	4 5 6
46	21	9	1 2 3	4 5 6
47	21	-9	1 2 3	4 5 6
48	21	9	1 2 3	4 5 6
49	21	-9	1 2 3	4 5 6
50	21	9	1 2 3	4 5 6
1	22	9	1 2 3	4 5 6
2	22	9	1 2 3	4 5 6
3	22	9	1 2 3	4 5 6
4	22	9	1 2 3	4 5 6
5	22	9	1 2 3	4 5 6
6	22	9	1 2 3	4 5 6
7	22	9	1 2 3	4 5 6
8	22	9	1 2 3	4 5 6
9	22	9	1 2 3	4 5 6
10	22	9	1 2 3	4 5 6
11	22	9	1 2 3	4 5 6
12	22	9	1 2 3	4 5 6
13	22	9	1 2 3	4 5 6
14	22	9	1 2 3	4 5 6
15	22	9	1 2 3	4 5 6
16	22	9	1 2 3	4 5 6
17	22	9	1 2 3	4 5 6
18	22	9	1 2 3	4 5 6
19	22	9	1 2 3	4 5 6
20	22	9	1 2 3	4 5 6
21	22	9	1 2 3	4 5 6
22	22	9	1 2 3	4 5 6
23	22	9	1 2 3	4 5 6
24	22	9	1 2 3	4 5 6
25	22	-9	1 2 3	4 5 6
26	22	9	1 2 3	4 5 6
27	22	9	1 2 3	4 5 6
28	22	9	1 2 3	4 5 6
29	22	-9	1 2 3	4 5 6
30	22	9	1 2 3	4 5 6
31	22	9	1 2 3	4 5 6
32	22	9	1 2 3	4 5 6
33	22	9	1 2 3	4 5 6
34	22	9	1 2 3	4 5 6
35	22	9	1 2 3	4 5 6
36	22	9	1 2 3	4 5 6
37	22	9	1 2 3	4 5 6
38	22	9	1 2 3	4 5 6
39	22	9	1 2 3	4 5 6
40	22	9	1 2 3	4 5 6
41	22	9	1 2 3	4 5 6
42	22	9	1 2 3	4 5 6
43	22	9	1 2 3	4 5 6
44	22	9	1 2 3	4 5 6
45	22	9	1 2 3	4 5 6
46	22	9	1 2 3	4 5 6
47	22	9	1 2 3	4 5 6
48	22	9	1 2 3	4 5 6
49	22	9	1 2 3	4 5 6
50	22	9	1 2 3	4 5 6
1	23	9	1 2 3	4 5 6
2	23	9	1 2 3	4 5 6
3	23	9	1 2 3	4 5 6
4	23	9	1 2 3	4 5 6
5	23	9	1 2 3	4 5 6
6	23	9	1 2 3	4 5 6
7	23	9	1 2 3	4 5 6
8	23	9	1 2 3	4 5 6
9	23	9	1 2 3	4 5 6
10	23	9	1 2 3	4 5 6
11	23	9	1 2 3	4 5 6
12	23	9	1 2 3	4 5 6
13	23	9	1 2 3	4 5 6
14	23	9	1 2 3	4 5 6
15	23	9	1 2 3	4 5 6
16	23	9	1 2 3	4 5 6
17	23	9	1 2 3	4 5 6
18	23	9	1 2 3	4 5 6
19	23	9	1 2 3	4 5 6
20	23	9	1 2 3	4 5 6
21	23	9	1 2 3	4 5 6
22	23	9	1 2 3	4 5 6
23	23	9	1 2 3	4 5 6
24	23	9	1 2 3	4 5 6
25	23	9	1 2 3	4 5 6
26	23	9	1 2 3	4 5 6
27	23	9	1 2 3	4 5 6
28	23	9	1 2 3	4 5 6
29	23	-9	1 2 3	4 5 6
30	23	9	1 2 3	4 5 6
31	23	9	1 2 3	4 5 6
32	23	9	1 2 3	4 5 6
33	23	9	1 2 3	4 5 6
34	23	9	1 2 3	4 5 6
35	23	9	1 2 3	4 5 6
36	23	9	1 2 3	4 5 6
37	23	9	1 2 3	4 5 6
38	23	9	1 2 3	4 5 6
39	23	9	1 2 3	4 5 6
40	23	9	1 2 3	4 5 6
41	23	9	1 2 3	4 5 6
42	23	9	1 2 3	4 5 6
43	23	9	1 2 3	4 5 6
44	23	9	1 2 3	4 5 6
45	23	9	1 2 3	4 5 6
46	23	9	1 2 3	4 5 6
47	23	9	1 2 3	4 5 6
48	23	9	1 2 3	4 5 6
49	23	9	1 2 3	4 5 6
50	23	-9	1 2 3	4 5 6
1	24	9	1 2 3	4 5 6
2	24	9	1 2 3	4 5 6
3	24	9	1 2 3	4 5 6
4	24	9	1 2 3	4 5 6
5	24	9	1 2 3	4 5 6
6	24	9	1 2 3	4 5 6
7	24	9	1 2 3	4 5 6
8	24	9	1 2 3	4 5 6
9	24	9	1 2 3	4 5 6
10	24	9	1 2 3	4 5 6
11	24	9	1 2 3	4 5 6
12	24	9	1 2 3	4 5 6
13	24	9	1 2 3	4 5 6
14	24	9	1 2 3	4 5 6
15	24	9	1 2 3	4 5 6
16	24	9	1 2 3	4 5 6
17	24	9	1 2 3	4 5 6
18	24	9	1 2 3	4 5 6
19	24	9	1 2 3	4 5 6
20	24	9	1 2 3	4 5 6
21	24	9	1 2 3	4 5 6
22	24	9	1 2 3	4 5 6
23	24	9	1 2 3	4 5 6
24	24	9	1 2 3	4 5 6
25	24	9	1 2 3	4 5 6
26	24	9	1 2 3	4 5 6
27	24	9	1 2 3	4 5 6
28	24	9	1 2 3	4 5 6
29	24	9	1 2 3	4 5 6
30	24	9	1 2 3	4 5 6
31	24	9	1 2 3	4 5 6
32	24	9	1 2 3	4 5 6
33	24	9	1 2 3	4 5 6
34	24	9	1 2 3	4 5 6
35	24	9	1 2 3	4 5 6
36	24	9	1 2 3	4 5 6
37	24	-9	1 2 3	4 5 6
38	24	9	1 2 3	4 5 6
39	24	9	1 2 3	4 5 6
40	24	9	1 2 3	4 5 6
41	24	9	1 2 3	4 5 6
42	24	9	1 2 3	4 5 6
43	24	9	1 2 3	4 5 6
44	24	9	1 2 3	4 5 6
45	24	9	1 2 3	4 5 6
46	24	9	1 2 3	4 5 6
47	24	9	1 2 3	4 5 6
48	24	9	1 2 3	4 5 6
49	24	9	1 2 3	4 5 6
50	24	9	1 2 3	4 5 6
1	25	9	1 2 3	4 5 6
2	25	9	1 2 3	4 5 6
3	25	9	1 2 3	4 5 6
4	25	9	1 2 3	4 5 6
5	25	9	1 2 3	4 5 6
6	25	9	1 2 3	4 5 6
7	25	9	1 2 3	4 5 6
8	25	9	1 2 3	4 5 6
9	25	9	1 2 3	4 5 6
10	25	9	1 2 3	4 5 6
11	25	9	1 2 3	4 5 6
12	25	9	1 2 3	4 5 6
13	25	9	1 2 3	4 5 6
14	25	9	1 2 3	4 5 6
15	25	9	1 2 3	4 5 6
16	25	9	1 2 3	4 5 6
17	25	9	1 2 3	4 5 6
18	25	9	1 2 3	4 5 6
19	25	9	1 2 3	4 5 6
20	25	9	1 2 3	4 5 6
21	25	9	1 2 3	4 5 6
22	25	9	1 2 3	4 5 6
23	25	9	1 2 3	4 5 6
24	25	9	1 2 3	4 5 6
25	25	-9	1 2 3	4 5 6
26	25	9	1 2 3	4 5 6
27	25	9	1 2 3	4 5 6
28	25	9	1 2 3	4 5 6
29	25	-9	1 2 3	4 5 6
30	25	9	1 2 3	4 5 6
31	25	9	1 2 3	4 5 6
32	25	9	1 2 3	4 5 6
33	25	9	1 2 3	4 5 6
34	25	9	1 2 3	4 5 6
35	25	9	1 2 3	4 5 6
36	25	9	1 2 3	4 5 6
37	25	9	1 2 3	4 5 6
38	25	9	1 2 3	4 5 6
39	25	9	1 2 3	4 5 6
40	25	9	1 2 3	4 5 6
41	25	9	1 2 3	4 5 6
42	25	9	1 2 3	4 5 6
43	25	9	1 2 3	4 5 6
44	25	9	1 2 3	4 5 6
45	25	9	1 2 3	4 5 6
46	25	9	1 2 3	4 5 6
47	25	9	1 2 3	4 5 6
48	25	9	1 2 3	4 5 6
49	25	9	1 2 3	4 5 6
50	25	9	1 2 3	4 5 6
1	26	-9	1 2 3	4 5 6
2	26	9	1 2 3	4 5 6
3	26	9	1 2 3	4 5 6
4	26	9	1 2 3	4 5 6
5	26	-9	1 2 3	4 5 6
6	26	9	1 2 3	4 5 6
7	26	9	1 2 3	4 5 6
8	26	9	1 2 3	4 5 6
9	26	9	1 2 3	4 5 6
10	26	-9	1 2 3	4 5 6
11	26	9	1 2 3	4 5 6
12	26	9	1 2 3	4 5 6
13	26	9	1 2 3	4 5 6
14	26	9	1 2 3	4 5 6
15	26	-9	1 2 3	4 5 6
16	26	9	1 2 3	4 5 6
17	26	9	1 2 3	4 5 6
18	26	-9	1 2 3	4 5 6
19	26	9	1 2 3	4 5 6
20	26	9	1 2 3	4 5 6
21	26	-9	1 2 3	4 5 6
22	26	9	1 2 3	4 5 6
23	26	9	1 2 3	4 5 6
24	26	9	1 2 3	4 5 6
25	26	9	1 2 3	4 5 6
26	26	9	1 2 3	4 5 6
27	26	9	1 2 3	4 5 6
28	26	9	1 2 3	4 5 6
29	26	9	1 2 3	4 5 6
30	26	9	1 2 3	4 5 6
31	26	9	1 2 3	4 5 6
32	26	9	1 2 3	4 5 6
33	26	9	1 2 3	4 5 6
34	26	9	1 2 3	4 5 6
35	26	9	1 2 3	4 5 6
36	26	9	1 2 3	4 5 6
37	26	-9	1 2 3	4 5 6
38	26	9	1 2 3	4 5 6
39	26	9	1 2 3	4 5 6
40	26	-9	1 2 3	4 5 6
41	26	9	1 2 3	4 5 6
42	26	-9	1 2 3	4 5 6
43	26	9	1 2 3	4 5 6
44	26	9	1 2 3	4 5 6
45	26	9	1 2 3	4 5 6
46	26	-9	1 2 3	4 5 6
47	26	-9	1 2 3	4 5 6
48	26	9	1 2 3	4 5 6
49	26	9	1 2 3	4 5 6
50	26	-9	1 2 3	4 5 6
1	27	-9	1 2 3	4 5 6
2	27	9	1 2 3	4 5 6
3	27	9	1 2 3	4 5 6
4	27	9	1 2 3	4 5 6
5	27	-9	1 2 3	4 5 6
6	27	9	1 2 3	4 5 6
7	27	9	1 2 3	4 5 6
8	27	9	1 2 3	4 5 6
9	27	9	1 2 3	4 5 6
10	27	-9	1 2 3	4 5 6
11	27	9	1 2 3	4 5 6
12	27	9	1 2 3	4 5 6
13	27	9	1 2 3	4 5 6
14	27	9	1 2 3	4 5 6
15	27	-9	1 2 3	4 5 6
16	27	9	1 2 3	4 5 6
17	27	9	1 2 3	4 5 6
18	27	9	1 2 3	4 5 6
19	27	9	1 2 3	4 5 6
20	27	9	1 2 3	4 5 6
21	27	-9	1 2 3	4 5 6
22	27	9	1 2 3	4 5 6
23	27	9	1 2 3	4 5 6
24	27	9	1 2 3	4 5 6
25	27	9	1 2 3	4 5 6
26	27	9	1 2 3	4 5 6
27	27	9	1 2 3	4 5 6
28	27	9	1 2 3	4 5 6
29	27	9	1 2 3	4 5 6
30	27	9	1 2 3	4 5 6
31	27	9	1 2 3	4 5 6
32	27	9	1 2 3	4 5 6
33	27	9	1 2 3	4 5 6
34	27	9	1 2 3	4 5 6
35	27	9	1 2 3	4 5 6
36	27	9	1 2 3	4 5 6
37	27	-9	1 2 3	4 5 6
38	27	9	1 2 3	4 5 6
39	27	9	1 2 3	4 5 6
40	27	-9	1 2 3	4 5 6
41	27	9	1 2 3	4 5 6
42	27	-9	1 2 3	4 5 6
43	27	9	1 2 3	4 5 6
44	27	9	1 2 3	4 5 6
45	27	9	1 2 3	4 5 6
46	27	-9	1 2 3	4 5 6
47	27	-9	1 2 3	4 5 6
48	27	-9	1 2 3	4 5 6
49	27	9	1 2 3	4 5 6
50	27	-9	1 2 3	4 5 6
1	28	-9	1 2 3	4 5 6
2	28	9	1 2 3	4 5 6
3	28	9	1 2 3	4 5 6
4	28	9	1 2 3	4 5 6
5	28	-9	1 2 3	4 5 6
6	28	9	1 2 3	4 5 6
7	28	9	1 2 3	4 5 6
8	28	-9	1 2 3	4 5 6
9	28	9	1 2 3	4 5 6
10	28	-9	1 2 3	4 5 6
11	28	-9	1 2 3	4 5 6
12	28	9	1 2 3	4 5 6
13	28	9	1 2 3	4 5 6
14	28	9	1 2 3	4 5 6
15	28	-9	1 2 3	4 5 6
16	28	-9	1 2 3	4 5 6
17	28	9	1 2 3	4 5 6
18	28	9	1 2 3	4 5 6
19	28	9	1 2 3	4 5 6
20	28	9	1 2 3	4 5 6
21	28	-9	1 2 3	4 5 6
22	28	9	1 2 3	4 5 6
23	28	9	1 2 3	4 5 6
24	28	9	1 2 3	4 5 6
25	28	-9	1 2 3	4 5 6
26	28	9	1 2 3	4 5 6
27	28	9	1 2 3	4 5 6
28	28	9	1 2 3	4 5 6
29	28	-9	1 2 3	4 5 6
30	28	9	1 2 3	4 5 6
31	28	9	1 2 3	4 5 6
32	28	9	1 2 3	4 5 6
33	28	9	1 2 3	4 5 6
34	28	9	1 2 3	4 5 6
35	28	-9	1 2 3	4 5 6
36	28	9	1 2 3	4 5 6
37	28	-9	1 2 3	4 5 6
38	28	9	1 2 3	4 5 6
39	28	9	1 2 3	4 5 6
40	28	-9	1 2 3	4 5 6
41	28	-9	1 2 3	4 5 6
42	28	-9	1 2 3	4 5 6
43	28	9	1 2 3	4 5 6
44	28	-9	1 2 3	4 5 6
45	28	9	1 2 3	4 5 6
46	28	9	1 2 3	4 5 6
47	28	9	1 2 3	4 5 6
48	28	9	1 2 3	4 5 6
49	28	-9	1 2 3	4 5 6
50	28	-9	1 2 3	4 5 6
1	29	9	1 2 3	4 5 6
2	29	-9	1 2 3	4 5 6
3	29	9	1 2 3	4 5 6
4	29	9	1 2 3	4 5 6
5	29	-9	1 2 3	4 5 6
6	29	9	1 2 3	4 5 6
7	29	9	1 2 3	4 5 6
8	29	-9	1 2 3	4 5 6
9	29	9	1 2 3	4 5 6
10	29	9	1 2 3	4 5 6
11	29	9	1 2 3	4 5 6
12	29	9	1 2 3	4 5 6
13	29	9	1 2 3	4 5 6
14	29	9	1 2 3	4 5 6
15	29	-9	1 2 3	4 5 6
16	29	-9	1 2 3	4 5 6
17	29	9	1 2 3	4 5 6
18	29	9	1 2 3	4 5 6
19	29	9	1 2 3	4 5 6
20	29	9	1 2 3	4 5 6
21	29	-9	1 2 3	4 5 6
22	29	9	1 2 3	4 5 6
23	29	-9	1 2 3	4 5 6
24	29	9	1 2 3	4 5 6
25	29	-9	1 2 3	4 5 6
26	29	-9	1 2 3	4 5 6
27	29	-9	1 2 3	4 5 6
28	29	9	1 2 3	4 5 6
29	29	9	1 2 3	4 5 6
30	29	9	1 2 3	4 5 6
31	29	9	1 2 3	4 5 6
32	29	9	1 2 3	4 5 6
33	29	9	1 2 3	4 5 6
34	29	9	1 2 3	4 5 6
35	29	9	1 2 3	4 5 6
36	29	-9	1 2 3	4 5 6
37	29	-9	1 2 3	4 5 6
38	29	9	1 2 3	4 5 6
39	29	9	1 2 3	4 5 6
40	29	-9	1 2 3	4 5 6
41	29	-9	1 2 3	4 5 6
42	29	-9	1 2 3	4 5 6
43	29	9	1 2 3	4 5 6
44	29	9	1 2 3	4 5 6
45	29	9	1 2 3	4 5 6
46	29	9	1 2 3	4 5 6
47	29	9	1 2 3	4 5 6
48	29	9	1 2 3	4 5 6
49	29	9	1 2 3	4 5 6
50	29	9	1 2 3	4 5 6
1	30	-9	1 2 3	4 5 6
2	30	-9	1 2 3	4 5 6
3	30	9	1 2 3	4 5 6
4	30	9	1 2 3	4 5 6
5	30	9	1 2 3	4 5 6
6	30	-9	1 2 3	4 5 6
7	30	9	1 2 3	4 5 6
8	30	-9	1 2 3	4 5 6
9	30	9	1 2 3	4 5 6
10	30	-9	1 2 3	4 5 6
11	30	9	1 2 3	4 5 6
12	30	-9	1 2 3	4 5 6
13	30	9	1 2 3	4 5 6
14	30	9	1 2 3	4 5 6
15	30	-9	1 2 3	4 5 6
16	30	-9	1 2 3	4 5 6
17	30	-9	1 2 3	4 5 6
18	30	-9	1 2 3	4 5 6
19	30	9	1 2 3	4 5 6
20	30	-9	1 2 3	4 5 6
21	30	9	1 2 3	4 5 6
22	30	9	1 2 3	4 5 6
23	30	9	1 2 3	4 5 6
24	30	9	1 2 3	4 5 6
25	30	-9	1 2 3	4 5 6
26	30	-9	1 2 3	4 5 6
27	30	9	1 2 3	4 5 6
28	30	9	1 2 3	4 5 6
29	30	-9	1 2 3	4 5 6
30	30	9	1 2 3	4 5 6
31	30	9	1 2 3	4 5 6
32	30	-9	1 2 3	4 5 6
33	30	-9	1 2 3	4 5 6
34	30	9	1 2 3	4 5 6
35	30	-9	1 2 3	4 5 6
36	30	-9	1 2 3	4 5 6
37	30	-9	1 2 3	4 5 6
38	30	9	1 2 3	4 5 6
39	30	9	1 2 3	4 5 6
40	30	9	1 2 3	4 5 6
41	30	-9	1 2 3	4 5 6
42	30	-9	1 2 3	4 5 6
43	30	9	1 2 3	4 5 6
44	30	-9	1 2 3	4 5 6
45	30	9	1 2 3	4 5 6
46	30	-9	1 2 3	4 5 6
47	30	-9	1 2 3	4 5 6
48	30	9	1 2 3	4 5 6
49	30	9	1 2 3	4 5 6
50	30	9	1 2 3	4 5 6
1	31	-9	1 2 3	4 5 6
2	31	9	1 2 3	4 5 6
3	31	9	1 2 3	4 5 6
4	31	9	1 2 3	4 5 6
5	31	-9	1 2 3	4 5 6
6	31	-9	1 2 3	4 5 6
7	31	-9	1 2 3	4 5 6
8	31	-9	1 2 3	4 5 6
9	31	9	1 2 3	4 5 6
10	31	-9	1 2 3	4 5 6
11	31	9	1 2 3	4 5 6
12	31	-9	1 2 3	4 5 6
13	31	9	1 2 3	4 5 6
14	31	9	1 2 3	4 5 6
15	31	-9	1 2 3	4 5 6
16	31	-9	1 2 3	4 5 6
17	31	9	1 2 3	4 5 6
18	31	9	1 2 3	4 5 6
19	31	9	1 2 3	4 5 6
20	31	-9	1 2 3	4 5 6
21	31	-9	1 2 3	4 5 6
22	31	9	1 2 3	4 5 6
23	31	9	1 2 3	4 5 6
24	31	9	1 2 3	4 5 6
25	31	-9	1 2 3	4 5 6
26	31	9	1 2 3	4 5 6
27	31	-9	1 2 3	4 5 6
28	31	9	1 2 3	4 5 6
29	31	-9	1 2 3	4 5 6
30	31	9	1 2 3	4 5 6
31	31	9	1 2 3	4 5 6
32	31	-9	1 2 3	4 5 6
33	31	-9	1 2 3	4 5 6
34	31	-9	1 2 3	4 5 6
35	31	9	1 2 3	4 5 6
36	31	-9	1 2 3	4 5 6
37	31	9	1 2 3	4 5 6
38	31	9	1 2 3	4 5 6
39	31	9	1 2 3	4 5 6
40	31	-9	1 2 3	4 5 6
41	31	-9	1 2 3	4 5 6
42	31	9	1 2 3	4 5 6
43	31	9	1 2 3	4 5 6
44	31	-9	1 2 3	4 5 6
45	31	-9	1 2 3	4 5 6
46	31	9	1 2 3	4 5 6
47	31	-9	1 2 3	4 5 6
48	31	9	1 2 3	4 5 6
49	31	9	1 2 3	4 5 6
50	31	9	1 2 3	4 5 6
1	32	-9	1 2 3	4 5 6
2	32	-9	1 2 3	4 5 6
3	32	9	1 2 3	4 5 6
4	32	9	1 2 3	4 5 6
5	32	9	1 2 3	4 5 6
6	32	-9	1 2 3	4 5 6
7	32	9	1 2 3	4 5 6
8	32	-9	1 2 3	4 5 6
9	32	9	1 2 3	4 5 6
10	32	-9	1 2 3	4 5 6
11	32	9	1 2 3	4 5 6
12	32	-9	1 2 3	4 5 6
13	32	9	1 2 3	4 5 6
14	32	9	1 2 3	4 5 6
15	32	-9	1 2 3	4 5 6
16	32	-9	1 2 3	4 5 6
17	32	9	1 2 3	4 5 6
18	32	9	1 2 3	4 5 6
19	32	9	1 2 3	4 5 6
20	32	9	1 2 3	4 5 6
21	32	-9	1 2 3	4 5 6
22	32	9	1 2 3	4 5 6
23	32	9	1 2 3	4 5 6
24	32	9	1 2 3	4 5 6
25	32	-9	1 2 3	4 5 6
26	32	9	1 2 3	4 5 6
27	32	-9	1 2 3	4 5 6
28	32	9	1 2 3	4 5 6
29	32	-9	1 2 3	4 5 6
30	32	9	1 2 3	4 5 6
31	32	9	1 2 3	4 5 6
32	32	9	1 2 3	4 5 6
33	32	-9	1 2 3	4 5 6
34	32	9	1 2 3	4 5 6
35	32	9	1 2 3	4 5 6
36	32	-9	1 2 3	4 5 6
37	32	-9	1 2 3	4 5 6
38	32	9	1 2 3	4 5 6
39	32	9	1 2 3	4 5 6
40	32	9	1 2 3	4 5 6
41	32	-9	1 2 3	4 5 6
42	32	-9	1 2 3	4 5 6
43	32	9	1 2 3	4 5 6
44	32	-9	1 2 3	4 5 6
45	32	9	1 2 3	4 5 6
46	32	9	1 2 3	4 5 6
47	32	-9	1 2 3	4 5 6
48	32	9	1 2 3	4 5 6
49	32	9	1 2 3	4 5 6
50	32	9	1 2 3	4 5 6
1	33	9	1 2 3	4 5 6
2	33	9	1 2 3	4 5 6
3	33	-9	1 2 3	4 5 6
4	33	-9	1 2 3	4 5 6
5	33	9	1 2 3	4 5 6
6	33	-9	1 2 3	4 5 6
7	33	-9	1 2 3	4 5 6
8	33	-9	1 2 3	4 5 6
9	33	-9	1 2 3	4 5 6
10	33	9	1 2 3	4 5 6
11	33	-9	1 2 3	4 5 6
12	33	9	1 2 3	4 5 6
13	33	9	1 2 3	4 5 6
14	33	-9	1 2 3	4 5 6
15	33	9	1 2 3	4 5 6
16	33	-9	1 2 3	4 5 6
17	33	9	1 2 3	4 5 6
18	33	-9	1 2 3	4 5 6
19	33	-9	1 2 3	4 5 6
20	33	-9	1 2 3	4 5 6
21	33	9	1 2 3	4 5 6
22	33	-9	1 2 3	4 5 6
23	33	9	1 2 3	4 5 6
24	33	9	1 2 3	4 5 6
25	33	-9	1 2 3	4 5 6
26	33	-9	1 2 3	4 5 6
27	33	-9	1 2 3	4 5 6
28	33	9	1 2 3	4 5 6
29	33	-9	1 2 3	4 5 6
30	33	-9	1 2 3	4 5 6
31	33	9	1 2 3	4 5 6
32	33	9	1 2 3	4 5 6
33	33	-9	1 2 3	4 5 6
34	33	9	1 2 3	4 5 6
35	33	9	1 2 3	4 5 6
36	33	-9	1 2 3	4 5 6
37	33	9	1 2 3	4 5 6
38	33	-9	1 2 3	4 5 6
39	33	9	1 2 3	4 5 6
40	33	9	1 2 3	4 5 6
41	33	9	1 2 3	4 5 6
42	33	9	1 2 3	4 5 6
43	33	9	1 2 3	4 5 6
44	33	-9	1 2 3	4 5 6
45	33	9	1 2 3	4 5 6
46	33	9	1 2 3	4 5 6
47	33	9	1 2 3	4 5 6
48	33	-9	1 2 3	4 5 6
49	33	-9	1 2 3	4 5 6
50	33	9	1 2 3	4 5 6
1	34	-9	1 2 3	4 5 6
2	34	-9	1 2 3	4 5 6
3	34	9	1 2 3	4 5 6
4	34	-9	1 2 3	4 5 6
5	34	-9	1 2 3	4 5 6
6	34	-9	1 2 3	4 5 6
7	34	9	1 2 3	4 5 6
8	34	9	1 2 3	4 5 6
9	34	9	1 2 3	4 5 6
10	34	-9	1 2 3	4 5 6
11	34	-9	1 2 3	4 5 6
12	34	-9	1 2 3	4 5 6
13	34	-9	1 2 3	4 5 6
14	34	9	1 2 3	4 5 6
15	34	9	1 2 3	4 5 6
16	34	9	1 2 3	4 5 6
17	34	9	1 2 3	4 5 6
18	34	-9	1 2 3	4 5 6
19	34	-9	1 2 3	4 5 6
20	34	-9	1 2 3	4 5 6
21	34	-9	1 2 3	4 5 6
22	34	-9	1 2 3	4 5 6
23	34	9	1 2 3	4 5 6
24	34	9	1 2 3	4 5 6
25	34	9	1 2 3	4 5 6
26	34	9	1 2 3	4 5 6
27	34	9	1 2 3	4 5 6
28	34	-9	1 2 3	4 5 6
29	34	9	1 2 3	4 5 6
30	34	-9	1 2 3	4 5 6
31	34	9	1 2 3	4 5 6
32	34	-9	1 2 3	4 5 6
33	34	-9	1 2 3	4 5 6
34	34	9	1 2 3	4 5 6
35	34	9	1 2 3	4 5 6
36	34	9	1 2 3	4 5 6
37	34	9	1 2 3	4 5 6
38	34	9	1 2 3	4 5 6
39	34	9	1 2 3	4 5 6
40	34	9	1 2 3	4 5 6
41	34	-9	1 2 3	4 5 6
42	34	9	1 2 3	4 5 6
43	34	9	1 2 3	4 5 6
44	34	9	1 2 3	4 5 6
45	34	9	1 2 3	4 5 6
46	34	-9	1 2 3	4 5 6
47	34	9	1 2 3	4 5 6
48	34	9	1 2 3	4 5 6
49	34	-9	1 2 3	4 5 6
50	34	-9	1 2 3	4 5 6
1	35	9	1 2 3	4 5 6
2	35	9	1 2 3	4 5 6
3	35	-9	1 2 3	4 5 6
4	35	-9	1 2 3	4 5 6
5	35	9	1 2 3	4 5 6
6	35	-9	1 2 3	4 5 6
7	35	-9	1 2 3	4 5 6
8	35	-9	1 2 3	4 5 6
9	35	9	1 2 3	4 5 6
10	35	9	1 2 3	4 5 6
11	35	9	1 2 3	4 5 6
12	35	-9	1 2 3	4 5 6
13	35	9	1 2 3	4 5 6
14	35	9	1 2 3	4 5 6
15	35	9	1 2 3	4 5 6
16	35	-9	1 2 3	4 5 6
17	35	9	1 2 3	4 5 6
18	35	-9	1 2 3	4 5 6
19	35	9	1 2 3	4 5 6
20	35	9	1 2 3	4 5 6
21	35	9	1 2 3	4 5 6
22	35	9	1 2 3	4 5 6
23	35	-9	1 2 3	4 5 6
24	35	9	1 2 3	4 5 6
25	35	-9	1 2 3	4 5 6
26	35	-9	1 2 3	4 5 6
27	35	-9	1 2 3	4 5 6
28	35	9	1 2 3	4 5 6
29	35	-9	1 2 3	4 5 6
30	35	9	1 2 3	4 5 6
31	35	9	1 2 3	4 5 6
32	35	9	1 2 3	4 5 6
33	35	9	1 2 3	4 5 6
34	35	-9	1 2 3	4 5 6
35	35	9	1 2 3	4 5 6
36	35	-9	1 2 3	4 5 6
37	35	9	1 2 3	4 5 6
38	35	-9	1 2 3	4 5 6
39	35	9	1 2 3	4 5 6
40	35	9	1 2 3	4 5 6
41	35	-9	1 2 3	4 5 6
42	35	9	1 2 3	4 5 6
43	35	-9	1 2 3	4 5 6
44	35	-9	1 2 3	4 5 6
45	35	9	1 2 3	4 5 6
46	35	9	1 2 3	4 5 6
47	35	9	1 2 3	4 5 6
48	35	9	1 2 3	4 5 6
49	35	-9	1 2 3	4 5 6
50	35	9	1 2 3	4 5 6
1	36	9	1 2 3	4 5 6
2	36	-9	1 2 3	4 5 6
3	36	9	1 2 3	4 5 6
4	36	-19	1 2 3	4 5 6
5	36	9	1 2 3	4 5 6
6	36	-9	1 2 3	4 5 6
7	36	9	1 2 3	4 5 6
8	36	9	1 2 3	4 5 6
9	36	9	1 2 3	4 5 6
10	36	-9	1 2 3	4 5 6
11	36	-9	1 2 3	4 5 6
12	36	-9	1 2 3	4 5 6
13	36	9	1 2 3	4 5 6
14	36	9	1 2 3	4 5 6
15	36	9	1 2 3	4 5 6
16	36	9	1 2 3	4 5 6
17	36	9	1 2 3	4 5 6
18	36	-9	1 2 3	4 5 6
19	36	-9	1 2 3	4 5 6
20	36	-9	1 2 3	4 5 6
21	36	9	1 2 3	4 5 6
22	36	-9	1 2 3	4 5 6
23	36	9	1 2 3	4 5 6
24	36	9	1 2 3	4 5 6
25	36	9	1 2 3	4 5 6
26	36	9	1 2 3	4 5 6
27	36	9	1 2 3	4 5 6
28	36	9	1 2 3	4 5 6
29	36	9	1 2 3	4 5 6
30	36	-9	1 2 3	4 5 6
31	36	9	1 2 3	4 5 6
32	36	-9	1 2 3	4 5 6
33	36	-9	1 2 3	4 5 6
34	36	9	1 2 3	4 5 6
35	36	9	1 2 3	4 5 6
36	36	9	1 2 3	4 5 6
37	36	9	1 2 3	4 5 6
38	36	9	1 2 3	4 5 6
39	36	9	1 2 3	4 5 6
40	36	9	1 2 3	4 5 6
41	36	-9	1 2 3	4 5 6
42	36	9	1 2 3	4 5 6
43	36	9	1 2 3	4 5 6
44	36	9	1 2 3	4 5 6
45	36	9	1 2 3	4 5 6
46	36	-9	1 2 3	4 5 6
47	36	-9	1 2 3	4 5 6
48	36	9	1 2 3	4 5 6
49	36	-9	1 2 3	4 5 6
50	36	9	1 2 3	4 5 6
1	37	9	1 2 3	4 5 6
2	37	9	1 2 3	4 5 6
3	37	9	1 2 3	4 5 6
4	37	9	1 2 3	4 5 6
5	37	9	1 2 3	4 5 6
6	37	9	1 2 3	4 5 6
7	37	-9	1 2 3	4 5 6
8	37	9	1 2 3	4 5 6
9	37	9	1 2 3	4 5 6
10	37	9	1 2 3	4 5 6
11	37	9	1 2 3	4 5 6
12	37	9	1 2 3	4 5 6
13	37	9	1 2 3	4 5 6
14	37	9	1 2 3	4 5 6
15	37	9	1 2 3	4 5 6
16	37	9	1 2 3	4 5 6
17	37	9	1 2 3	4 5 6
18	37	9	1 2 3	4 5 6
19	37	9	1 2 3	4 5 6
20	37	9	1 2 3	4 5 6
21	37	9	1 2 3	4 5 6
22	37	9	1 2 3	4 5 6
23	37	9	1 2 3	4 5 6
24	37	9	1 2 3	4 5 6
25	37	9	1 2 3	4 5 6
26	37	9	1 2 3	4 5 6
27	37	9	1 2 3	4 5 6
28	37	9	1 2 3	4 5 6
29	37	9	1 2 3	4 5 6
30	37	-9	1 2 3	4 5 6
31	37	9	1 2 3	4 5 6
32	37	9	1 2 3	4 5 6
33	37	9	1 2 3	4 5 6
34	37	9	1 2 3	4 5 6
35	37	9	1 2 3	4 5 6
36	37	9	1 2 3	4 5 6
37	37	9	1 2 3	4 5 6
38	37	9	1 2 3	4 5 6
39	37	9	1 2 3	4 5 6
40	37	9	1 2 3	4 5 6
41	37	9	1 2 3	4 5 6
42	37	9	1 2 3	4 5 6
43	37	9	1 2 3	4 5 6
44	37	9	1 2 3	4 5 6
45	37	9	1 2 3	4 5 6
46	37	9	1 2 3	4 5 6
47	37	9	1 2 3	4 5 6
48	37	9	1 2 3	4 5 6
49	37	-9	1 2 3	4 5 6
50	37	9	1 2 3	4 5 6
1	38	9	1 2 3	4 5 6
2	38	9	1 2 3	4 5 6
3	38	9	1 2 3	4 5 6
4	38	9	1 2 3	4 5 6
5	38	9	1 2 3	4 5 6
6	38	9	1 2 3	4 5 6
7	38	-9	1 2 3	4 5 6
8	38	9	1 2 3	4 5 6
9	38	9	1 2 3	4 5 6
10	38	9	1 2 3	4 5 6
11	38	9	1 2 3	4 5 6
12	38	9	1 2 3	4 5 6
13	38	9	1 2 3	4 5 6
14	38	9	1 2 3	4 5 6
15	38	9	1 2 3	4 5 6
16	38	9	1 2 3	4 5 6
17	38	9	1 2 3	4 5 6
18	38	9	1 2 3	4 5 6
19	38	9	1 2 3	4 5 6
20	38	9	1 2 3	4 5 6
21	38	9	1 2 3	4 5 6
22	38	9	1 2 3	4 5 6
23	38	9	1 2 3	4 5 6
24	38	9	1 2 3	4 5 6
25	38	9	1 2 3	4 5 6
26	38	9	1 2 3	4 5 6
27	38	9	1 2 3	4 5 6
28	38	9	1 2 3	4 5 6
29	38	9	1 2 3	4 5 6
30	38	9	1 2 3	4 5 6
31	38	9	1 2 3	4 5 6
32	38	9	1 2 3	4 5 6
33	38	9	1 2 3	4 5 6
34	38	9	1 2 3	4 5 6
35	38	9	1 2 3	4 5 6
36	38	9	1 2 3	4 5 6
37	38	9	1 2 3	4 5 6
38	38	9	1 2 3	4 5 6
39	38	9	1 2 3	4 5 6
40	38	9	1 2 3	4 5 6
41	38	9	1 2 3	4 5 6
42	38	9	1 2 3	4 5 6
43	38	9	1 2 3	4 5 6
44	38	9	1 2 3	4 5 6
45	38	-9	1 2 3	4 5 6
46	38	9	1 2 3	4 5 6
47	38	9	1 2 3	4 5 6
48	38	9	1 2 3	4 5 6
49	38	9	1 2 3	4 5 6
50	38	9	1 2 3	4 5 6
1	39	9	1 2 3	4 5 6
2	39	9	1 2 3	4 5 6
3	39	9	1 2 3	4 5 6
4	39	9	1 2 3	4 5 6
5	39	9	1 2 3	4 5 6
6	39	9	1 2 3	4 5 6
7	39	9	1 2 3	4 5 6
8	39	9	1 2 3	4 5 6
9	39	9	1 2 3	4 5 6
10	39	9	1 2 3	4 5 6
11	39	9	1 2 3	4 5 6
12	39	9	1 2 3	4 5 6
13	39	9	1 2 3	4 5 6
14	39	9	1 2 3	4 5 6
15	39	9	1 2 3	4 5 6
16	39	9	1 2 3	4 5 6
17	39	9	1 2 3	4 5 6
18	39	9	1 2 3	4 5 6
19	39	9	1 2 3	4 5 6
20	39	9	1 2 3	4 5 6
21	39	9	1 2 3	4 5 6
22	39	9	1 2 3	4 5 6
23	39	9	1 2 3	4 5 6
24	39	9	1 2 3	4 5 6
25	39	9	1 2 3	4 5 6
26	39	9	1 2 3	4 5 6
27	39	9	1 2 3	4 5 6
28	39	9	1 2 3	4 5 6
29	39	9	1 2 3	4 5 6
30	39	9	1 2 3	4 5 6
31	39	9	1 2 3	4 5 6
32	39	9	1 2 3	4 5 6
33	39	9	1 2 3	4 5 6
34	39	9	1 2 3	4 5 6
35	39	-9	1 2 3	4 5 6
36	39	9	1 2 3	4 5 6
37	39	9	1 2 3	4 5 6
38	39	9	1 2 3	4 5 6
39	39	9	1 2 3	4 5 6
40	39	9	1 2 3	4 5 6
41	39	9	1 2 3	4 5 6
42	39	9	1 2 3	4 5 6
43	39	9	1 2 3	4 5 6
44	39	9	1 2 3	4 5 6
45	39	9	1 2 3	4 5 6
46	39	9	1 2 3	4 5 6
47	39	9	1 2 3	4 5 6
48	39	9	1 2 3	4 5 6
49	39	9	1 2 3	4 5 6
50	39	9	1 2 3	4 5 6
1	40	9	1 2 3	4 5 6
2	40	9	1 2 3	4 5 6
3	40	9	1 2 3	4 5 6
4	40	9	1 2 3	4 5 6
5	40	9	1 2 3	4 5 6
6	40	9	1 2 3	4 5 6
7	40	9	1 2 3	4 5 6
8	40	9	1 2 3	4 5 6
9	40	9	1 2 3	4 5 6
10	40	9	1 2 3	4 5 6
11	40	9	1 2 3	4 5 6
12	40	9	1 2 3	4 5 6
13	40	9	1 2 3	4 5 6
14	40	9	1 2 3	4 5 6
15	40	9	1 2 3	4 5 6
16	40	9	1 2 3	4 5 6
17	40	9	1 2 3	4 5 6
18	40	9	1 2 3	4 5 6
19	40	9	1 2 3	4 5 6
20	40	9	1 2 3	4 5 6
21	40	9	1 2 3	4 5 6
22	40	9	1 2 3	4 5 6
23	40	9	1 2 3	4 5 6
24	40	9	1 2 3	4 5 6
25	40	9	1 2 3	4 5 6
26	40	9	1 2 3	4 5 6
27	40	9	1 2 3	4 5 6
28	40	9	1 2 3	4 5 6
29	40	9	1 2 3	4 5 6
30	40	9	1 2 3	4 5 6
31	40	9	1 2 3	4 5 6
32	40	9	1 2 3	4 5 6
33	40	9	1 2 3	4 5 6
34	40	9	1 2 3	4 5 6
35	40	9	1 2 3	4 5 6
36	40	9	1 2 3	4 5 6
37	40	9	1 2 3	4 5 6
38	40	9	1 2 3	4 5 6
39	40	9	1 2 3	4 5 6
40	40	9	1 2 3	4 5 6
41	40	9	1 2 3	4 5 6
42	40	9	1 2 3	4 5 6
43	40	9	1 2 3	4 5 6
44	40	9	1 2 3	4 5 6
45	40	9	1 2 3	4 5 6
46	40	9	1 2 3	4 5 6
47	40	9	1 2 3	4 5 6
48	40	9	1 2 3	4 5 6
49	40	9	1 2 3	4 5 6
50	40	9	1 2 3	4 5 6
1	41	9	1 2 3	4 5 6
2	41	9	1 2 3	4 5 6
3	41	9	1 2 3	4 5 6
4	41	9	1 2 3	4 5 6
5	41	9	1 2 3	4 5 6
6	41	9	1 2 3	4 5 6
7	41	9	1 2 3	4 5 6
8	41	9	1 2 3	4 5 6
9	41	9	1 2 3	4 5 6
10	41	9	1 2 3	4 5 6
11	41	-9	1 2 3	4 5 6
12	41	9	1 2 3	4 5 6
13	41	9	1 2 3	4 5 6
14	41	9	1 2 3	4 5 6
15	41	9	1 2 3	4 5 6
16	41	9	1 2 3	4 5 6
17	41	9	1 2 3	4 5 6
18	41	9	1 2 3	4 5 6
19	41	-9	1 2 3	4 5 6
20	41	-9	1 2 3	4 5 6
21	41	9	1 2 3	4 5 6
22	41	-9	1 2 3	4 5 6
23	41	9	1 2 3	4 5 6
24	41	9	1 2 3	4 5 6
25	41	9	1 2 3	4 5 6
26	41	9	1 2 3	4 5 6
27	41	9	1 2 3	4 5 6
28	41	9	1 2 3	4 5 6
29	41	9	1 2 3	4 5 6
30	41	-9	1 2 3	4 5 6
31	41	9	1 2 3	4 5 6
32	41	9	1 2 3	4 5 6
33	41	9	1 2 3	4 5 6
34	41	9	1 2 3	4 5 6
35	41	9	1 2 3	4 5 6
36	41	9	1 2 3	4 5 6
37	41	9	1 2 3	4 5 6
38	41	9	1 2 3	4 5 6
39	41	9	1 2 3	4 5 6
40	41	9	1 2 3	4 5 6
41	41	-9	1 2 3	4 5 6
42	41	9	1 2 3	4 5 6
43	41	9	1 2 3	4 5 6
44	41	9	1 2 3	4 5 6
45	41	9	1 2 3	4 5 6
46	41	9	1 2 3	4 5 6
47	41	9	1 2 3	4 5 6
48	41	9	1 2 3	4 5 6
49	41	-9	1 2 3	4 5 6
50	41	9	1 2 3	4 5 6
1	42	9	1 2 3	4 5 6
2	42	9	1 2 3	4 5 6
3	42	9	1 2 3	4 5 6
4	42	9	1 2 3	4 5 6
5	42	9	1 2 3	4 5 6
6	42	-9	1 2 3	4 5 6
7	42	9	1 2 3	4 5 6
8	42	-9	1 2 3	4 5 6
9	42	9	1 2 3	4 5 6
10	42	9	1 2 3	4 5 6
11	42	-9	1 2 3	4 5 6
12	42	9	1 2 3	4 5 6
13	42	9	1 2 3	4 5 6
14	42	9	1 2 3	4 5 6
15	42	9	1 2 3	4 5 6
16	42	9	1 2 3	4 5 6
17	42	9	1 2 3	4 5 6
18	42	9	1 2 3	4 5 6
19	42	-9	1 2 3	4 5 6
20	42	-9	1 2 3	4 5 6
21	42	9	1 2 3	4 5 6
22	42	-9	1 2 3	4 5 6
23	42	9	1 2 3	4 5 6
24	42	9	1 2 3	4 5 6
25	42	9	1 2 3	4 5 6
26	42	-9	1 2 3	4 5 6
27	42	9	1 2 3	4 5 6
28	42	9	1 2 3	4 5 6
29	42	9	1 2 3	4 5 6
30	42	-9	1 2 3	4 5 6
31	42	-9	1 2 3	4 5 6
32	42	9	1 2 3	4 5 6
33	42	9	1 2 3	4 5 6
34	42	9	1 2 3	4 5 6
35	42	9	1 2 3	4 5 6
36	42	9	1 2 3	4 5 6
37	42	9	1 2 3	4 5 6
38	42	9	1 2 3	4 5 6
39	42	9	1 2 3	4 5 6
40	42	9	1 2 3	4 5 6
41	42	-9	1 2 3	4 5 6
42	42	9	1 2 3	4 5 6
43	42	9	1 2 3	4 5 6
44	42	9	1 2 3	4 5 6
45	42	9	1 2 3	4 5 6
46	42	9	1 2 3	4 5 6
47	42	9	1 2 3	4 5 6
48	42	-9	1 2 3	4 5 6
49	42	-9	1 2 3	4 5 6
50	42	9	1 2 3	4 5 6
1	43	9	1 2 3	4 5 6
2	43	9	1 2 3	4 5 6
3	43	9	1 2 3	4 5 6
4	43	9	1 2 3	4 5 6
5	43	9	1 2 3	4 5 6
6	43	9	1 2 3	4 5 6
7	43	9	1 2 3	4 5 6
8	43	9	1 2 3	4 5 6
9	43	9	1 2 3	4 5 6
10	43	9	1 2 3	4 5 6
11	43	-9	1 2 3	4 5 6
12	43	9	1 2 3	4 5 6
13	43	9	1 2 3	4 5 6
14	43	9	1 2 3	4 5 6
15	43	9	1 2 3	4 5 6
16	43	9	1 2 3	4 5 6
17	43	9	1 2 3	4 5 6
18	43	9	1 2 3	4 5 6
19	43	9	1 2 3	4 5 6
20	43	-9	1 2 3	4 5 6
21	43	9	1 2 3	4 5 6
22	43	9	1 2 3	4 5 6
23	43	9	1 2 3	4 5 6
24	43	9	1 2 3	4 5 6
25	43	9	1 2 3	4 5 6
26	43	9	1 2 3	4 5 6
27	43	9	1 2 3	4 5 6
28	43	9	1 2 3	4 5 6
29	43	9	1 2 3	4 5 6
30	43	-9	1 2 3	4 5 6
31	43	9	1 2 3	4 5 6
32	43	9	1 2 3	4 5 6
33	43	9	1 2 3	4 5 6
34	43	9	1 2 3	4 5 6
35	43	9	1 2 3	4 5 6
36	43	9	1 2 3	4 5 6
37	43	9	1 2 3	4 5 6
38	43	9	1 2 3	4 5 6
39	43	9	1 2 3	4 5 6
40	43	9	1 2 3	4 5 6
41	43	9	1 2 3	4 5 6
42	43	9	1 2 3	4 5 6
43	43	9	1 2 3	4 5 6
44	43	9	1 2 3	4 5 6
45	43	9	1 2 3	4 5 6
46	43	9	1 2 3	4 5 6
47	43	9	1 2 3	4 5 6
48	43	9	1 2 3	4 5 6
49	43	-9	1 2 3	4 5 6
50	43	9	1 2 3	4 5 6
1	44	9	1 2 3	4 5 6
2	44	9	1 2 3	4 5 6
3	44	9	1 2 3	4 5 6
4	44	9	1 2 3	4 5 6
5	44	9	1 2 3	4 5 6
6	44	9	1 2 3	4 5 6
7	44	-9	1 2 3	4 5 6
8	44	9	1 2 3	4 5 6
9	44	9	1 2 3	4 5 6
10	44	9	1 2 3	4 5 6
11	44	9	1 2 3	4 5 6
12	44	9	1 2 3	4 5 6
13	44	9	1 2 3	4 5 6
14	44	9	1 2 3	4 5 6
15	44	9	1 2 3	4 5 6
16	44	9	1 2 3	4 5 6
17	44	9	1 2 3	4 5 6
18	44	9	1 2 3	4 5 6
19	44	9	1 2 3	4 5 6
20	44	9	1 2 3	4 5 6
21	44	9	1 2 3	4 5 6
22	44	9	1 2 3	4 5 6
23	44	9	1 2 3	4 5 6
24	44	9	1 2 3	4 5 6
25	44	9	1 2 3	4 5 6
26	44	9	1 2 3	4 5 6
27	44	9	1 2 3	4 5 6
28	44	9	1 2 3	4 5 6
29	44	9	1 2 3	4 5 6
30	44	9	1 2 3	4 5 6
31	44	9	1 2 3	4 5 6
32	44	9	1 2 3	4 5 6
33	44	9	1 2 3	4 5 6
34	44	9	1 2 3	4 5 6
35	44	9	1 2 3	4 5 6
36	44	9	1 2 3	4 5 6
37	44	9	1 2 3	4 5 6
38	44	9	1 2 3	4 5 6
39	44	9	1 2 3	4 5 6
40	44	9	1 2 3	4 5 6
41	44	9	1 2 3	4 5 6
42	44	9	1 2 3	4 5 6
43	44	9	1 2 3	4 5 6
44	44	9	1 2 3	4 5 6
45	44	-9	1 2 3	4 5 6
46	44	9	1 2 3	4 5 6
47	44	9	1 2 3	4 5 6
48	44	9	1 2 3	4 5 6
49	44	9	1 2 3	4 5 6
50	44	9	1 2 3	4 5 6
1	45	9	1 2 3	4 5 6
2	45	9	1 2 3	4 5 6
3	45	9	1 2 3	4 5 6
4	45	9	1 2 3	4 5 6
5	45	9	1 2 3	4 5 6
6	45	9	1 2 3	4 5 6
7	45	9	1 2 3	4 5 6
8	45	9	1 2 3	4 5 6
9	45	9	1 2 3	4 5 6
10	45	9	1 2 3	4 5 6
11	45	9	1 2 3	4 5 6
12	45	9	1 2 3	4 5 6
13	45	9	1 2 3	4 5 6
14	45	9	1 2 3	4 5 6
15	45	9	1 2 3	4 5 6
16	45	9	1 2 3	4 5 6
17	45	9	1 2 3	4 5 6
18	45	9	1 2 3	4 5 6
19	45	9	1 2 3	4 5 6
20	45	9	1 2 3	4 5 6
21	45	9	1 2 3	4 5 6
22	45	9	1 2 3	4 5 6
23	45	-9	1 2 3	4 5 6
24	45	9	1 2 3	4 5 6
25	45	9	1 2 3	4 5 6
26	45	9	1 2 3	4 5 6
27	45	9	1 2 3	4 5 6
28	45	9	1 2 3	4 5 6
29	45	9	1 2 3	4 5 6
30	45	9	1 2 3	4 5 6
31	45	9	1 2 3	4 5 6
32	45	9	1 2 3	4 5 6
33	45	9	1 2 3	4 5 6
34	45	9	1 2 3	4 5 6
35	45	9	1 2 3	4 5 6
36	45	9	1 2 3	4 5 6
37	45	9	1 2 3	4 5 6
38	45	9	1 2 3	4 5 6
39	45	9	1 2 3	4 5 6
40	45	-9	1 2 3	4 5 6
41	45	9	1 2 3	4 5 6
42	45	9	1 2 3	4 5 6
43	45	9	1 2 3	4 5 6
44	45	9	1 2 3	4 5 6
45	45	9	1 2 3	4 5 6
46	45	9	1 2 3	4 5 6
47	45	9	1 2 3	4 5 6
48	45	9	1 2 3	4 5 6
49	45	-9	1 2 3	4 5 6
50	45	9	1 2 3	4 5 6
1	46	9	1 2 3	4 5 6
2	46	9	1 2 3	4 5 6
3	46	9	1 2 3	4 5 6
4	46	9	1 2 3	4 5 6
5	46	9	1 2 3	4 5 6
6	46	9	1 2 3	4 5 6
7	46	-9	1 2 3	4 5 6
8	46	9	1 2 3	4 5 6
9	46	9	1 2 3	4 5 6
10	46	9	1 2 3	4 5 6
11	46	9	1 2 3	4 5 6
12	46	9	1 2 3	4 5 6
13	46	9	1 2 3	4 5 6
14	46	9	1 2 3	4 5 6
15	46	9	1 2 3	4 5 6
16	46	9	1 2 3	4 5 6
17	46	9	1 2 3	4 5 6
18	46	9	1 2 3	4 5 6
19	46	9	1 2 3	4 5 6
20	46	9	1 2 3	4 5 6
21	46	9	1 2 3	4 5 6
22	46	9	1 2 3	4 5 6
23	46	9	1 2 3	4 5 6
24	46	9	1 2 3	4 5 6
25	46	9	1 2 3	4 5 6
26	46	-9	1 2 3	4 5 6
27	46	9	1 2 3	4 5 6
28	46	9	1 2 3	4 5 6
29	46	9	1 2 3	4 5 6
30	46	9	1 2 3	4 5 6
31	46	9	1 2 3	4 5 6
32	46	9	1 2 3	4 5 6
33	46	9	1 2 3	4 5 6
34	46	9	1 2 3	4 5 6
35	46	9	1 2 3	4 5 6
36	46	9	1 2 3	4 5 6
37	46	9	1 2 3	4 5 6
38	46	9	1 2 3	4 5 6
39	46	9	1 2 3	4 5 6
40	46	9	1 2 3	4 5 6
41	46	9	1 2 3	4 5 6
42	46	9	1 2 3	4 5 6
43	46	9	1 2 3	4 5 6
44	46	9	1 2 3	4 5 6
45	46	-9	1 2 3	4 5 6
46	46	9	1 2 3	4 5 6
47	46	9	1 2 3	4 5 6
48	46	9	1 2 3	4 5 6
49	46	9	1 2 3	4 5 6
50	46	9	1 2 3	4 5 6
1	47	9	1 2 3	4 5 6
2	47	9	1 2 3	4 5 6
3	47	9	1 2 3	4 5 6
4	47	9	1 2 3	4 5 6
5	47	9	1 2 3	4 5 6
6	47	9	1 2 3	4 5 6
7	47	-9	1 2 3	4 5 6
8	47	9	1 2 3	4 5 6
9	47	9	1 2 3	4 5 6
10	47	9	1 2 3	4 5 6
11	47	9	1 2 3	4 5 6
12	47	9	1 2 3	4 5 6
13	47	9	1 2 3	4 5 6
14	47	9	1 2 3	4 5 6
15	47	9	1 2 3	4 5 6
16	47	9	1 2 3	4 5 6
17	47	9	1 2 3	4 5 6
18	47	9	1 2 3	4 5 6
19	47	9	1 2 3	4 5 6
20	47	9	1 2 3	4 5 6
21	47	9	1 2 3	4 5 6
22	47	9	1 2 3	4 5 6
23	47	9	1 2 3	4 5 6
24	47	9	1 2 3	4 5 6
25	47	9	1 2 3	4 5 6
26	47	-9	1 2 3	4 5 6
27	47	9	1 2 3	4 5 6
28	47	9	1 2 3	4 5 6
29	47	9	1 2 3	4 5 6
30	47	9	1 2 3	4 5 6
31	47	9	1 2 3	4 5 6
32	47	9	1 2 3	4 5 6
33	47	9	1 2 3	4 5 6
34	47	9	1 2 3	4 5 6
35	47	9	1 2 3	4 5 6
36	47	9	1 2 3	4 5 6
37	47	9	1 2 3	4 5 6
38	47	9	1 2 3	4 5 6
39	47	9	1 2 3	4 5 6
40	47	9	1 2 3	4 5 6
41	47	9	1 2 3	4 5 6
42	47	9	1 2 3	4 5 6
43	47	9	1 2 3	4 5 6
44	47	9	1 2 3	4 5 6
45	47	-9	1 2 3	4 5 6
46	47	9	1 2 3	4 5 6
47	47	9	1 2 3	4 5 6
48	47	9	1 2 3	4 5 6
49	47	9	1 2 3	4 5 6
50	47	9	1 2 3	4 5 6
1	48	9	1 2 3	4 5 6
2	48	9	1 2 3	4 5 6
3	48	9	1 2 3	4 5 6
4	48	9	1 2 3	4 5 6
5	48	9	1 2 3	4 5 6
6	48	9	1 2 3	4 5 6
7	48	-9	1 2 3	4 5 6
8	48	9	1 2 3	4 5 6
9	48	9	1 2 3	4 5 6
10	48	9	1 2 3	4 5 6
11	48	9	1 2 3	4 5 6
12	48	9	1 2 3	4 5 6
13	48	9	1 2 3	4 5 6
14	48	9	1 2 3	4 5 6
15	48	9	1 2 3	4 5 6
16	48	9	1 2 3	4 5 6
17	48	9	1 2 3	4 5 6
18	48	9	1 2 3	4 5 6
19	48	9	1 2 3	4 5 6
20	48	9	1 2 3	4 5 6
21	48	9	1 2 3	4 5 6
22	48	9	1 2 3	4 5 6
23	48	9	1 2 3	4 5 6
24	48	9	1 2 3	4 5 6
25	48	9	1 2 3	4 5 6
26	48	-9	1 2 3	4 5 6
27	48	9	1 2 3	4 5 6
28	48	9	1 2 3	4 5 6
29	48	9	1 2 3	4 5 6
30	48	9	1 2 3	4 5 6
31	48	9	1 2 3	4 5 6
32	48	9	1 2 3	4 5 6
33	48	9	1 2 3	4 5 6
34	48	9	1 2 3	4 5 6
35	48	9	1 2 3	4 5 6
36	48	9	1 2 3	4 5 6
37	48	9	1 2 3	4 5 6
38	48	9	1 2 3	4 5 6
39	48	9	1 2 3	4 5 6
40	48	9	1 2 3	4 5 6
41	48	9	1 2 3	4 5 6
42	48	9	1 2 3	4 5 6
43	48	9	1 2 3	4 5 6
44	48	9	1 2 3	4 5 6
45	48	9	1 2 3	4 5 6
46	48	9	1 2 3	4 5 6
47	48	9	1 2 3	4 5 6
48	48	9	1 2 3	4 5 6
49	48	9	1 2 3	4 5 6
50	48	9	1 2 3	4 5 6
1	49	9	1 2 3	4 5 6
2	49	9	1 2 3	4 5 6
3	49	9	1 2 3	4 5 6
4	49	9	1 2 3	4 5 6
5	49	9	1 2 3	4 5 6
6	49	9	1 2 3	4 5 6
7	49	-9	1 2 3	4 5 6
8	49	9	1 2 3	4 5 6
9	49	9	1 2 3	4 5 6
10	49	9	1 2 3	4 5 6
11	49	9	1 2 3	4 5 6
12	49	9	1 2 3	4 5 6
13	49	9	1 2 3	4 5 6
14	49	9	1 2 3	4 5 6
15	49	9	1 2 3	4 5 6
16	49	9	1 2 3	4 5 6
17	49	9	1 2 3	4 5 6
18	49	9	1 2 3	4 5 6
19	49	9	1 2 3	4 5 6
20	49	9	1 2 3	4 5 6
21	49	9	1 2 3	4 5 6
22	49	9	1 2 3	4 5 6
23	49	9	1 2 3	4 5 6
24	49	9	1 2 3	4 5 6
25	49	9	1 2 3	4 5 6
26	49	9	1 2 3	4 5 6
27	49	9	1 2 3	4 5 6
28	49	9	1 2 3	4 5 6
29	49	9	1 2 3	4 5 6
30	49	9	1 2 3	4 5 6
31	49	9	1 2 3	4 5 6
32	49	9	1 2 3	4 5 6
33	49	9	1 2 3	4 5 6
34	49	9	1 2 3	4 5 6
35	49	9	1 2 3	4 5 6
36	49	9	1 2 3	4 5 6
37	49	-9	1 2 3	4 5 6
38	49	9	1 2 3	4 5 6
39	49	9	1 2 3	4 5 6
40	49	9	1 2 3	4 5 6
41	49	9	1 2 3	4 5 6
42	49	9	1 2 3	4 5 6
43	49	9	1 2 3	4 5 6
44	49	9	1 2 3	4 5 6
45	49	-9	1 2 3	4 5 6
46	49	9	1 2 3	4 5 6
47	49	9	1 2 3	4 5 6
48	49	9	1 2 3	4 5 6
49	49	9	1 2 3	4 5 6
50	49	9	1 2 3	4 5 6
1	50	9	1 2 3	4 5 6
2	50	9	1 2 3	4 5 6
3	50	9	1 2 3	4 5 6
4	50	9	1 2 3	4 5 6
5	50	9	1 2 3	4 5 6
6	50	9	1 2 3	4 5 6
7	50	-9	1 2 3	4 5 6
8	50	-9	1 2 3	4 5 6
9	50	9	1 2 3	4 5 6
10	50	9	1 2 3	4 5 6
11	50	9	1 2 3	4 5 6
12	50	9	1 2 3	4 5 6
13	50	9	1 2 3	4 5 6
14	50	9	1 2 3	4 5 6
15	50	9	1 2 3	4 5 6
16	50	-9	1 2 3	4 5 6
17	50	-9	1 2 3	4 5 6
18	50	9	1 2 3	4 5 6
19	50	9	1 2 3	4 5 6
20	50	9	1 2 3	4 5 6
21	50	9	1 2 3	4 5 6
22	50	9	1 2 3	4 5 6
23	50	9	1 2 3	4 5 6
24	50	9	1 2 3	4 5 6
25	50	9	1 2 3	4 5 6
26	50	9	1 2 3	4 5 6
27	50	9	1 2 3	4 5 6
28	50	9	1 2 3	4 5 6
29	50	9	1 2 3	4 5 6
30	50	-9	1 2 3	4 5 6
31	50	9	1 2 3	4 5 6
32	50	9	1 2 3	4 5 6
33	50	9	1 2 3	4 5 6
34	50	9	1 2 3	4 5 6
35	50	9	1 2 3	4 5 6
36	50	9	1 2 3	4 5 6
37	50	9	1 2 3	4 5 6
38	50	9	1 2 3	4 5 6
39	50	9	1 2 3	4 5 6
40	50	-9	1 2 3	4 5 6
41	50	9	1 2 3	4 5 6
42	50	9	1 2 3	4 5 6
43	50	9	1 2 3	4 5 6
44	50	9	1 2 3	4 5 6
45	50	9	1 2 3	4 5 6
46	50	9	1 2 3	4 5 6
47	50	9	1 2 3	4 5 6
48	50	9	1 2 3	4 5 6
49	50	9	1 2 3	4 5 6
50	50	9	1 2 3	4 5 6
1	51	9	1 2 3	4 5 6
2	51	9	1 2 3	4 5 6
3	51	9	1 2 3	4 5 6
4	51	9	1 2 3	4 5 6
5	51	9	1 2 3	4 5 6
6	51	9	1 2 3	4 5 6
7	51	-9	1 2 3	4 5 6
8	51	-9	1 2 3	4 5 6
9	51	9	1 2 3	4 5 6
10	51	9	1 2 3	4 5 6
11	51	9	1 2 3	4 5 6
12	51	9	1 2 3	4 5 6
13	51	9	1 2 3	4 5 6
14	51	9	1 2 3	4 5 6
15	51	9	1 2 3	4 5 6
16	51	9	1 2 3	4 5 6
17	51	9	1 2 3	4 5 6
18	51	9	1 2 3	4 5 6
19	51	9	1 2 3	4 5 6
20	51	9	1 2 3	4 5 6
21	51	9	1 2 3	4 5 6
22	51	9	1 2 3	4 5 6
23	51	9	1 2 3	4 5 6
24	51	9	1 2 3	4 5 6
25	51	9	1 2 3	4 5 6
26	51	9	1 2 3	4 5 6
27	51	9	1 2 3	4 5 6
28	51	9	1 2 3	4 5 6
29	51	9	1 2 3	4 5 6
30	51	9	1 2 3	4 5 6
31	51	9	1 2 3	4 5 6
32	51	9	1 2 3	4 5 6
33	51	9	1 2 3	4 5 6
34	51	9	1 2 3	4 5 6
35	51	9	1 2 3	4 5 6
36	51	-9	1 2 3	4 5 6
37	51	-9	1 2 3	4 5 6
38	51	9	1 2 3	4 5 6
39	51	9	1 2 3	4 5 6
40	51	9	1 2 3	4 5 6
41	51	9	1 2 3	4 5 6
42	51	9	1 2 3	4 5 6
43	51	9	1 2 3	4 5 6
44	51	9	1 2 3	4 5 6
45	51	9	1 2 3	4 5 6
46	51	9	1 2 3	4 5 6
47	51	9	1 2 3	4 5 6
48	51	9	1 2 3	4 5 6
49	51	9	1 2 3	4 5 6
50	51	9	1 2 3	4 5 6
1	52	9	1 2 3	4 5 6
2	52	9	1 2 3	4 5 6
3	52	-9	1 2 3	4 5 6
4	52	-9	1 2 3	4 5 6
5	52	9	1 2 3	4 5 6
6	52	9	1 2 3	4 5 6
7	52	9	1 2 3	4 5 6
8	52	9	1 2 3	4 5 6
9	52	9	1 2 3	4 5 6
10	52	-9	1 2 3	4 5 6
11	52	9	1 2 3	4 5 6
12	52	9	1 2 3	4 5 6
13	52	-9	1 2 3	4 5 6
14	52	9	1 2 3	4 5 6
15	52	9	1 2 3	4 5 6
16	52	-9	1 2 3	4 5 6
17	52	9	1 2 3	4 5 6
18	52	9	1 2 3	4 5 6
19	52	9	1 2 3	4 5 6
20	52	9	1 2 3	4 5 6
21	52	9	1 2 3	4 5 6
22	52	9	1 2 3	4 5 6
23	52	9	1 2 3	4 5 6
24	52	9	1 2 3	4 5 6
25	52	-9	1 2 3	4 5 6
26	52	9	1 2 3	4 5 6
27	52	-9	1 2 3	4 5 6
28	52	9	1 2 3	4 5 6
29	52	-9	1 2 3	4 5 6
30	52	9	1 2 3	4 5 6
31	52	-9	1 2 3	4 5 6
32	52	9	1 2 3	4 5 6
33	52	9	1 2 3	4 5 6
34	52	-9	1 2 3	4 5 6
35	52	9	1 2 3	4 5 6
36	52	-9	1 2 3	4 5 6
37	52	9	1 2 3	4 5 6
38	52	9	1 2 3	4 5 6
39	52	9	1 2 3	4 5 6
40	52	9	1 2 3	4 5 6
41	52	-9	1 2 3	4 5 6
42	52	-9	1 2 3	4 5 6
43	52	9	1 2 3	4 5 6
44	52	9	1 2 3	4 5 6
45	52	9	1 2 3	4 5 6
46	52	9	1 2 3	4 5 6
47	52	-9	1 2 3	4 5 6
48	52	9	1 2 3	4 5 6
49	52	9	1 2 3	4 5 6
50	52	9	1 2 3	4 5 6
1	53	9	1 2 3	4 5 6
2	53	9	1 2 3	4 5 6
3	53	9	1 2 3	4 5 6
4	53	9	1 2 3	4 5 6
5	53	9	1 2 3	4 5 6
6	53	9	1 2 3	4 5 6
7	53	9	1 2 3	4 5 6
8	53	9	1 2 3	4 5 6
9	53	9	1 2 3	4 5 6
10	53	9	1 2 3	4 5 6
11	53	9	1 2 3	4 5 6
12	53	9	1 2 3	4 5 6
13	53	9	1 2 3	4 5 6
14	53	9	1 2 3	4 5 6
15	53	9	1 2 3	4 5 6
16	53	9	1 2 3	4 5 6
17	53	9	1 2 3	4 5 6
18	53	9	1 2 3	4 5 6
19	53	9	1 2 3	4 5 6
20	53	9	1 2 3	4 5 6
21	53	9	1 2 3	4 5 6
22	53	9	1 2 3	4 5 6
23	53	9	1 2 3	4 5 6
24	53	9	1 2 3	4 5 6
25	53	9	1 2 3	4 5 6
26	53	9	1 2 3	4 5 6
27	53	9	1 2 3	4 5 6
28	53	9	1 2 3	4 5 6
29	53	9	1 2 3	4 5 6
30	53	9	1 2 3	4 5 6
31	53	9	1 2 3	4 5 6
32	53	9	1 2 3	4 5 6
33	53	9	1 2 3	4 5 6
34	53	9	1 2 3	4 5 6
35	53	9	1 2 3	4 5 6
36	53	9	1 2 3	4 5 6
37	53	9	1 2 3	4 5 6
38	53	9	1 2 3	4 5 6
39	53	9	1 2 3	4 5 6
40	53	9	1 2 3	4 5 6
41	53	9	1 2 3	4 5 6
42	53	9	1 2 3	4 5 6
43	53	9	1 2 3	4 5 6
44	53	9	1 2 3	4 5 6
45	53	9	1 2 3	4 5 6
46	53	9	1 2 3	4 5 6
47	53	9	1 2 3	4 5 6
48	53	9	1 2 3	4 5 6
49	53	9	1 2 3	4 5 6
50	53	9	1 2 3	4 5 6
1	54	9	1 2 3	4 5 6
2	54	9	1 2 3	4 5 6
3	54	9	1 2 3	4 5 6
4	54	9	1 2 3	4 5 6
5	54	9	1 2 3	4 5 6
6	54	9	1 2 3	4 5 6
7	54	-9	1 2 3	4 5 6
8	54	9	1 2 3	4 5 6
9	54	9	1 2 3	4 5 6
10	54	9	1 2 3	4 5 6
11	54	9	1 2 3	4 5 6
12	54	9	1 2 3	4 5 6
13	54	9	1 2 3	4 5 6
14	54	9	1 2 3	4 5 6
15	54	9	1 2 3	4 5 6
16	54	9	1 2 3	4 5 6
17	54	9	1 2 3	4 5 6
18	54	9	1 2 3	4 5 6
19	54	9	1 2 3	4 5 6
20	54	9	1 2 3	4 5 6
21	54	9	1 2 3	4 5 6
22	54	9	1 2 3	4 5 6
23	54	9	1 2 3	4 5 6
24	54	9	1 2 3	4 5 6
25	54	9	1 2 3	4 5 6
26	54	9	1 2 3	4 5 6
27	54	9	1 2 3	4 5 6
28	54	-9	1 2 3	4 5 6
29	54	9	1 2 3	4 5 6
30	54	9	1 2 3	4 5 6
31	54	9	1 2 3	4 5 6
32	54	9	1 2 3	4 5 6
33	54	9	1 2 3	4 5 6
34	54	9	1 2 3	4 5 6
35	54	9	1 2 3	4 5 6
36	54	9	1 2 3	4 5 6
37	54	9	1 2 3	4 5 6
38	54	9	1 2 3	4 5 6
39	54	9	1 2 3	4 5 6
40	54	9	1 2 3	4 5 6
41	54	9	1 2 3	4 5 6
42	54	9	1 2 3	4 5 6
43	54	9	1 2 3	4 5 6
44	54	9	1 2 3	4 5 6
45	54	-9	1 2 3	4 5 6
46	54	9	1 2 3	4 5 6
47	54	9	1 2 3	4 5 6
48	54	9	1 2 3	4 5 6
49	54	9	1 2 3	4 5 6
50	54	9	1 2 3	4 5 6
1	55	9	1 2 3	4 5 6
2	55	-9	1 2 3	4 5 6
3	55	9	1 2 3	4 5 6
4	55	9	1 2 3	4 5 6
5	55	-9	1 2 3	4 5 6
6	55	9	1 2 3	4 5 6
7	55	9	1 2 3	4 5 6
8	55	-9	1 2 3	4 5 6
9	55	9	1 2 3	4 5 6
10	55	9	1 2 3	4 5 6
11	55	9	1 2 3	4 5 6
12	55	9	1 2 3	4 5 6
13	55	9	1 2 3	4 5 6
14	55	9	1 2 3	4 5 6
15	55	9	1 2 3	4 5 6
16	55	-9	1 2 3	4 5 6
17	55	9	1 2 3	4 5 6
18	55	9	1 2 3	4 5 6
19	55	9	1 2 3	4 5 6
20	55	9	1 2 3	4 5 6
21	55	-9	1 2 3	4 5 6
22	55	9	1 2 3	4 5 6
23	55	9	1 2 3	4 5 6
24	55	9	1 2 3	4 5 6
25	55	9	1 2 3	4 5 6
26	55	9	1 2 3	4 5 6
27	55	9	1 2 3	4 5 6
28	55	-9	1 2 3	4 5 6
29	55	9	1 2 3	4 5 6
30	55	9	1 2 3	4 5 6
31	55	9	1 2 3	4 5 6
32	55	9	1 2 3	4 5 6
33	55	9	1 2 3	4 5 6
34	55	9	1 2 3	4 5 6
35	55	9	1 2 3	4 5 6
36	55	9	1 2 3	4 5 6
37	55	-9	1 2 3	4 5 6
38	55	9	1 2 3	4 5 6
39	55	9	1 2 3	4 5 6
40	55	-9	1 2 3	4 5 6
41	55	9	1 2 3	4 5 6
42	55	9	1 2 3	4 5 6
43	55	9	1 2 3	4 5 6
44	55	9	1 2 3	4 5 6
45	55	9	1 2 3	4 5 6
46	55	9	1 2 3	4 5 6
47	55	9	1 2 3	4 5 6
48	55	9	1 2 3	4 5 6
49	55	9	1 2 3	4 5 6
50	55	9	1 2 3	4 5 6
1	56	-9	1 2 3	4 5 6
2	56	9	1 2 3	4 5 6
3	56	9	1 2 3	4 5 6
4	56	9	1 2 3	4 5 6
5	56	9	1 2 3	4 5 6
6	56	-9	1 2 3	4 5 6
7	56	9	1 2 3	4 5 6
8	56	-9	1 2 3	4 5 6
9	56	9	1 2 3	4 5 6
10	56	9	1 2 3	4 5 6
11	56	9	1 2 3	4 5 6
12	56	9	1 2 3	4 5 6
13	56	9	1 2 3	4 5 6
14	56	9	1 2 3	4 5 6
15	56	9	1 2 3	4 5 6
16	56	9	1 2 3	4 5 6
17	56	9	1 2 3	4 5 6
18	56	9	1 2 3	4 5 6
19	56	9	1 2 3	4 5 6
20	56	9	1 2 3	4 5 6
21	56	9	1 2 3	4 5 6
22	56	9	1 2 3	4 5 6
23	56	9	1 2 3	4 5 6
24	56	-9	1 2 3	4 5 6
25	56	9	1 2 3	4 5 6
26	56	9	1 2 3	4 5 6
27	56	9	1 2 3	4 5 6
28	56	9	1 2 3	4 5 6
29	56	9	1 2 3	4 5 6
30	56	-9	1 2 3	4 5 6
31	56	9	1 2 3	4 5 6
32	56	9	1 2 3	4 5 6
33	56	9	1 2 3	4 5 6
34	56	9	1 2 3	4 5 6
35	56	9	1 2 3	4 5 6
36	56	9	1 2 3	4 5 6
37	56	9	1 2 3	4 5 6
38	56	9	1 2 3	4 5 6
39	56	9	1 2 3	4 5 6
40	56	9	1 2 3	4 5 6
41	56	9	1 2 3	4 5 6
42	56	-9	1 2 3	4 5 6
43	56	9	1 2 3	4 5 6
44	56	-9	1 2 3	4 5 6
45	56	9	1 2 3	4 5 6
46	56	9	1 2 3	4 5 6
47	56	9	1 2 3	4 5 6
48	56	-9	1 2 3	4 5 6
49	56	-9	1 2 3	4 5 6
50	56	-9	1 2 3	4 5 6
1	57	-9	1 2 3	4 5 6
2	57	9	1 2 3	4 5 6
3	57	-9	1 2 3	4 5 6
4	57	-9	1 2 3	4 5 6
5	57	9	1 2 3	4 5 6
6	57	9	1 2 3	4 5 6
7	57	-9	1 2 3	4 5 6
8	57	-9	1 2 3	4 5 6
9	57	9	1 2 3	4 5 6
10	57	9	1 2 3	4 5 6
11	57	-9	1 2 3	4 5 6
12	57	9	1 2 3	4 5 6
13	57	9	1 2 3	4 5 6
14	57	9	1 2 3	4 5 6
15	57	9	1 2 3	4 5 6
16	57	-9	1 2 3	4 5 6
17	57	9	1 2 3	4 5 6
18	57	9	1 2 3	4 5 6
19	57	9	1 2 3	4 5 6
20	57	9	1 2 3	4 5 6
21	57	9	1 2 3	4 5 6
22	57	-9	1 2 3	4 5 6
23	57	9	1 2 3	4 5 6
24	57	9	1 2 3	4 5 6
25	57	-9	1 2 3	4 5 6
26	57	9	1 2 3	4 5 6
27	57	-9	1 2 3	4 5 6
28	57	9	1 2 3	4 5 6
29	57	-9	1 2 3	4 5 6
30	57	9	1 2 3	4 5 6
31	57	9	1 2 3	4 5 6
32	57	9	1 2 3	4 5 6
33	57	9	1 2 3	4 5 6
34	57	-9	1 2 3	4 5 6
35	57	9	1 2 3	4 5 6
36	57	-9	1 2 3	4 5 6
37	57	9	1 2 3	4 5 6
38	57	9	1 2 3	4 5 6
39	57	9	1 2 3	4 5 6
40	57	9	1 2 3	4 5 6
41	57	9	1 2 3	4 5 6
42	57	-9	1 2 3	4 5 6
43	57	9	1 2 3	4 5 6
44	57	9	1 2 3	4 5 6
45	57	9	1 2 3	4 5 6
46	57	-9	1 2 3	4 5 6
47	57	-9	1 2 3	4 5 6
48	57	-9	1 2 3	4 5 6
49	57	9	1 2 3	4 5 6
50	57	-9	1 2 3	4 5 6
1	58	-9	1 2 3	4 5 6
2	58	9	1 2 3	4 5 6
3	58	9	1 2 3	4 5 6
4	58	9	1 2 3	4 5 6
5	58	9	1 2 3	4 5 6
6	58	9	1 2 3	4 5 6
7	58	9	1 2 3	4 5 6
8	58	-9	1 2 3	4 5 6
9	58	9	1 2 3	4 5 6
10	58	9	1 2 3	4 5 6
11	58	9	1 2 3	4 5 6
12	58	9	1 2 3	4 5 6
13	58	9	1 2 3	4 5 6
14	58	9	1 2 3	4 5 6
15	58	9	1 2 3	4 5 6
16	58	9	1 2 3	4 5 6
17	58	9	1 2 3	4 5 6
18	58	-9	1 2 3	4 5 6
19	58	9	1 2 3	4 5 6
20	58	9	1 2 3	4 5 6
21	58	9	1 2 3	4 5 6
22	58	9	1 2 3	4 5 6
23	58	9	1 2 3	4 5 6
24	58	9	1 2 3	4 5 6
25	58	9	1 2 3	4 5 6
26	58	9	1 2 3	4 5 6
27	58	9	1 2 3	4 5 6
28	58	9	1 2 3	4 5 6
29	58	9	1 2 3	4 5 6
30	58	9	1 2 3	4 5 6
31	58	9	1 2 3	4 5 6
32	58	9	1 2 3	4 5 6
33	58	9	1 2 3	4 5 6
34	58	9	1 2 3	4 5 6
35	58	9	1 2 3	4 5 6
36	58	-9	1 2 3	4 5 6
37	58	9	1 2 3	4 5 6
38	58	9	1 2 3	4 5 6
39	58	9	1 2 3	4 5 6
40	58	9	1 2 3	4 5 6
41	58	9	1 2 3	4 5 6
42	58	-9	1 2 3	4 5 6
43	58	9	1 2 3	4 5 6
44	58	9	1 2 3	4 5 6
45	58	9	1 2 3	4 5 6
46	58	9	1 2 3	4 5 6
47	58	9	1 2 3	4 5 6
48	58	9	1 2 3	4 5 6
49	58	9	1 2 3	4 5 6
50	58	9	1 2 3	4 5 6
1	59	9	1 2 3	4 5 6
2	59	9	1 2 3	4 5 6
3	59	9	1 2 3	4 5 6
4	59	9	1 2 3	4 5 6
5	59	9	1 2 3	4 5 6
6	59	9	1 2 3	4 5 6
7	59	9	1 2 3	4 5 6
8	59	9	1 2 3	4 5 6
9	59	9	1 2 3	4 5 6
10	59	9	1 2 3	4 5 6
11	59	9	1 2 3	4 5 6
12	59	9	1 2 3	4 5 6
13	59	9	1 2 3	4 5 6
14	59	9	1 2 3	4 5 6
15	59	9	1 2 3	4 5 6
16	59	9	1 2 3	4 5 6
17	59	9	1 2 3	4 5 6
18	59	9	1 2 3	4 5 6
19	59	9	1 2 3	4 5 6
20	59	9	1 2 3	4 5 6
21	59	9	1 2 3	4 5 6
22	59	9	1 2 3	4 5 6
23	59	9	1 2 3	4 5 6
24	59	9	1 2 3	4 5 6
25	59	9	1 2 3	4 5 6
26	59	9	1 2 3	4 5 6
27	59	9	1 2 3	4 5 6
28	59	9	1 2 3	4 5 6
29	59	9	1 2 3	4 5 6
30	59	9	1 2 3	4 5 6
31	59	9	1 2 3	4 5 6
32	59	9	1 2 3	4 5 6
33	59	9	1 2 3	4 5 6
34	59	9	1 2 3	4 5 6
35	59	-9	1 2 3	4 5 6
36	59	9	1 2 3	4 5 6
37	59	9	1 2 3	4 5 6
38	59	-9	1 2 3	4 5 6
39	59	9	1 2 3	4 5 6
40	59	9	1 2 3	4 5 6
41	59	9	1 2 3	4 5 6
42	59	9	1 2 3	4 5 6
43	59	9	1 2 3	4 5 6
44	59	-9	1 2 3	4 5 6
45	59	9	1 2 3	4 5 6
46	59	9	1 2 3	4 5 6
47	59	9	1 2 3	4 5 6
48	59	9	1 2 3	4 5 6
49	59	9	1 2 3	4 5 6
50	59	9	1 2 3	4 5 6
1	60	9	1 2 3	4 5 6
2	60	9	1 2 3	4 5 6
3	60	9	1 2 3	4 5 6
4	60	9	1 2 3	4 5 6
5	60	9	1 2 3	4 5 6
6	60	9	1 2 3	4 5 6
7	60	9	1 2 3	4 5 6
8	60	-9	1 2 3	4 5 6
9	60	9	1 2 3	4 5 6
10	60	9	1 2 3	4 5 6
11	60	9	1 2 3	4 5 6
12	60	9	1 2 3	4 5 6
13	60	9	1 2 3	4 5 6
14	60	9	1 2 3	4 5 6
15	60	9	1 2 3	4 5 6
16	60	-9	1 2 3	4 5 6
17	60	9	1 2 3	4 5 6
18	60	9	1 2 3	4 5 6
19	60	9	1 2 3	4 5 6
20	60	9	1 2 3	4 5 6
21	60	9	1 2 3	4 5 6
22	60	9	1 2 3	4 5 6
23	60	9	1 2 3	4 5 6
24	60	9	1 2 3	4 5 6
25	60	9	1 2 3	4 5 6
26	60	9	1 2 3	4 5 6
27	60	9	1 2 3	4 5 6
28	60	9	1 2 3	4 5 6
29	60	9	1 2 3	4 5 6
30	60	9	1 2 3	4 5 6
31	60	9	1 2 3	4 5 6
32	60	9	1 2 3	4 5 6
33	60	9	1 2 3	4 5 6
34	60	9	1 2 3	4 5 6
35	60	9	1 2 3	4 5 6
36	60	9	1 2 3	4 5 6
37	60	9	1 2 3	4 5 6
38	60	9	1 2 3	4 5 6
39	60	9	1 2 3	4 5 6
40	60	9	1 2 3	4 5 6
41	60	9	1 2 3	4 5 6
42	60	9	1 2 3	4 5 6
43	60	9	1 2 3	4 5 6
44	60	9	1 2 3	4 5 6
45	60	9	1 2 3	4 5 6
46	60	9	1 2 3	4 5 6
47	60	9	1 2 3	4 5 6
48	60	9	1 2 3	4 5 6
49	60	9	1 2 3	4 5 6
50	60	9	1 2 3	4 5 6